    1,     0.000
    2,     0.001
    3,     0.128
    4,     0.296
    5,     0.383
    6,     0.495
    7,     0.666
    8,     0.883
    9,     0.901
   10,     0.904
   11,     0.912
   12,     0.918
   13,     0.930
   14,     0.932
   15,     0.931
   16,     0.934
   17,     0.949
   18,     0.952
   19,     0.968
   20,     0.976
   21,     0.984
   22,     0.986
   23,     0.986
   24,     0.989
   25,     0.995
   26,     1.000
   27,     1.000
   28,     1.000
   29,     1.000
   30,     1.000
   31,     1.000
   32,     1.000
   33,     1.000
   34,     1.000
   35,     1.000
   36,     1.000
   37,     1.000
   38,     1.000
   39,     1.000
   40,     1.000
   41,     1.000
   42,     1.000
   43,     1.000
   44,     1.000
   45,     1.000
   46,     1.000
   47,     1.000
   48,     1.000
   49,     1.000
   50,     1.000
   51,     1.000
   52,     1.000
   53,     1.000
   54,     1.000
   55,     1.000
   56,     1.000
   57,     1.000
   58,     1.000
   59,     1.000
   60,     1.000
   61,     1.000
   62,     1.000
   63,     1.000
   64,     1.000
   65,     1.000
   66,     1.000
   67,     1.000
   68,     1.000
   69,     1.000
   70,     1.000
   71,     1.000
   72,     1.000
   73,     1.000
   74,     1.000
   75,     1.000
   76,     1.000
   77,     1.000
   78,     1.000
   79,     1.000
   80,     1.000
   81,     1.000
   82,     1.000
   83,     1.000
   84,     1.000
   85,     1.000
   86,     1.000
   87,     1.000
   88,     1.000
   89,     1.000
   90,     1.000
   91,     1.000
   92,     1.000
   93,     1.000
   94,     1.000
   95,     1.000
   96,     1.000
   97,     1.000
   98,     1.000
   99,     1.000
  100,     1.000
  101,     1.000
  102,     1.000
  103,     1.000
  104,     1.000
  105,     1.000
  106,     0.999
  107,     0.999
  108,     0.999
  109,     0.999
  110,     0.999
  111,     0.998
  112,     0.997
  113,     0.997
  114,     0.999
  115,     0.998
  116,     0.998
  117,     0.999
  118,     0.997
  119,     0.994
  120,     0.990
  121,     0.989
  122,     0.983
  123,     0.994
  124,     0.990
  125,     0.988
  126,     0.999
  127,     1.000
  128,     1.000
  129,     0.996
  130,     0.986
  131,     0.977
  132,     0.966
  133,     0.950
  134,     0.933
  135,     0.930
  136,     0.924
  137,     0.916
  138,     0.921
  139,     0.910
  140,     0.896
  141,     0.887
  142,     0.926
  143,     0.973
  144,     0.938
  145,     0.910
  146,     0.898
  147,     0.887
  148,     0.874
  149,     0.860
  150,     0.840
  151,     0.822
  152,     0.800
  153,     0.788
  154,     0.784
  155,     0.752
  156,     0.716
  157,     0.694
  158,     0.677
  159,     0.726
  160,     0.828
  161,     0.849
  162,     0.803
  163,     0.721
  164,     0.637
  165,     0.565
  166,     0.513
  167,     0.464
  168,     0.395
  169,     0.342
  170,     0.397
  171,     0.345
  172,     0.297
  173,     0.247
  174,     0.208
  175,     0.187
  176,     0.157
  177,     0.119
  178,     0.084
  179,     0.050
  180,     0.027
  181,     0.018
  182,     0.023
  183,     0.031
  184,     0.018
  185,     0.012
  186,     0.153
  187,     0.084
  188,     0.030
  189,     0.009
  190,     0.003
  191,     0.001
  192,     0.001
  193,     0.000
  194,     0.000
  195,     0.000
  196,     0.000
  197,     0.000
  198,     0.000
  199,     0.000
  200,     0.000
  201,     0.000
  202,     0.000
  203,     0.000
  204,     0.000
  205,     0.000
  206,     0.000
  207,     0.000
  208,     0.000
  209,     0.000
  210,     0.000
  211,     0.000
  212,     0.042
  213,     0.019
  214,     0.099
  215,     0.293
  216,     0.140
  217,     0.064
  218,     0.037
  219,     0.034
  220,     0.020
  221,     0.010
  222,     0.005
  223,     0.036
  224,     0.014
  225,     0.006
  226,     0.002
  227,     0.012
  228,     0.462
  229,     0.259
  230,     0.120
  231,     0.062
  232,     0.024
  233,     0.010
  234,     0.004
  235,     0.002
  236,     0.001
  237,     0.000
  238,     0.000
  239,     0.000
  240,     0.000
  241,     0.000
  242,     0.000
  243,     0.000
  244,     0.000
  245,     0.009
  246,     0.027
  247,     0.106
  248,     0.058
  249,     0.165
  250,     0.099
  251,     0.088
  252,     0.067
  253,     0.044
  254,     0.027
  255,     0.016
  256,     0.009
  257,     0.006
  258,     0.003
  259,     0.002
  260,     0.005
  261,     0.006
  262,     0.007
  263,     0.134
  264,     0.096
  265,     0.082
  266,     0.074
  267,     0.143
  268,     0.154
  269,     0.146
  270,     0.298
  271,     0.259
  272,     0.206
  273,     0.928
  274,     0.987
  275,     0.945
  276,     0.905
  277,     0.856
  278,     0.863
  279,     0.870
  280,     0.811
  281,     0.763
  282,     0.740
  283,     0.738
  284,     0.909
  285,     0.963
  286,     0.963
  287,     0.958
  288,     0.948
  289,     0.934
  290,     0.917
  291,     0.901
  292,     0.887
  293,     0.875
  294,     0.863
  295,     0.876
  296,     0.875
  297,     0.873
  298,     0.870
  299,     0.873
  300,     0.876
  301,     0.885
  302,     0.927
  303,     0.935
  304,     0.937
  305,     0.937
  306,     0.934
  307,     0.934
  308,     0.935
  309,     0.938
  310,     0.945
  311,     0.942
  312,     0.945
  313,     0.999
  314,     1.000
  315,     1.000
  316,     1.000
  317,     1.000
  318,     1.000
  319,     1.000
  320,     1.000
  321,     1.000
  322,     1.000
  323,     1.000
  324,     1.000
  325,     1.000
  326,     1.000
  327,     1.000
  328,     1.000
  329,     1.000
  330,     1.000
  331,     1.000
  332,     1.000
  333,     1.000
  334,     1.000
  335,     1.000
  336,     1.000
  337,     1.000
  338,     1.000
  339,     1.000
  340,     1.000
  341,     1.000
  342,     1.000
  343,     1.000
  344,     1.000
  345,     1.000
  346,     1.000
  347,     1.000
  348,     1.000
  349,     1.000
  350,     1.000
  351,     1.000
  352,     1.000
  353,     1.000
  354,     1.000
  355,     1.000
  356,     1.000
  357,     1.000
  358,     1.000
  359,     1.000
  360,     1.000
  361,     1.000
  362,     1.000
  363,     1.000
  364,     1.000
  365,     1.000
    1,     1.000
    2,     1.000
    3,     1.000
    4,     1.000
    5,     1.000
    6,     1.000
    7,     1.000
    8,     1.000
    9,     1.000
   10,     1.000
   11,     1.000
   12,     1.000
   13,     1.000
   14,     1.000
   15,     1.000
   16,     1.000
   17,     1.000
   18,     1.000
   19,     1.000
   20,     1.000
   21,     1.000
   22,     1.000
   23,     1.000
   24,     1.000
   25,     1.000
   26,     1.000
   27,     1.000
   28,     1.000
   29,     1.000
   30,     1.000
   31,     1.000
   32,     1.000
   33,     1.000
   34,     1.000
   35,     1.000
   36,     1.000
   37,     1.000
   38,     1.000
   39,     1.000
   40,     1.000
   41,     1.000
   42,     1.000
   43,     1.000
   44,     1.000
   45,     1.000
   46,     1.000
   47,     1.000
   48,     1.000
   49,     1.000
   50,     1.000
   51,     1.000
   52,     1.000
   53,     1.000
   54,     1.000
   55,     1.000
   56,     1.000
   57,     1.000
   58,     1.000
   59,     1.000
   60,     1.000
   61,     1.000
   62,     1.000
   63,     1.000
   64,     1.000
   65,     1.000
   66,     1.000
   67,     1.000
   68,     1.000
   69,     1.000
   70,     1.000
   71,     1.000
   72,     1.000
   73,     1.000
   74,     1.000
   75,     1.000
   76,     1.000
   77,     1.000
   78,     1.000
   79,     1.000
   80,     1.000
   81,     1.000
   82,     1.000
   83,     1.000
   84,     1.000
   85,     1.000
   86,     1.000
   87,     1.000
   88,     1.000
   89,     1.000
   90,     1.000
   91,     1.000
   92,     1.000
   93,     1.000
   94,     1.000
   95,     1.000
   96,     1.000
   97,     1.000
   98,     1.000
   99,     1.000
  100,     1.000
  101,     1.000
  102,     1.000
  103,     1.000
  104,     1.000
  105,     1.000
  106,     1.000
  107,     1.000
  108,     1.000
  109,     1.000
  110,     1.000
  111,     0.999
  112,     0.999
  113,     0.998
  114,     0.997
  115,     0.994
  116,     1.000
  117,     1.000
  118,     1.000
  119,     1.000
  120,     1.000
  121,     0.998
  122,     0.995
  123,     0.996
  124,     1.000
  125,     0.999
  126,     0.999
  127,     0.999
  128,     0.998
  129,     0.997
  130,     0.992
  131,     0.978
  132,     0.966
  133,     0.956
  134,     0.943
  135,     0.946
  136,     0.957
  137,     0.949
  138,     0.947
  139,     0.936
  140,     0.924
  141,     0.913
  142,     0.905
  143,     0.899
  144,     0.891
  145,     0.881
  146,     0.872
  147,     0.857
  148,     0.833
  149,     0.798
  150,     0.776
  151,     0.719
  152,     0.694
  153,     0.636
  154,     0.608
  155,     0.577
  156,     0.536
  157,     0.504
  158,     0.468
  159,     0.421
  160,     0.396
  161,     0.363
  162,     0.340
  163,     0.323
  164,     0.307
  165,     0.296
  166,     0.286
  167,     0.277
  168,     0.263
  169,     0.241
  170,     0.221
  171,     0.203
  172,     0.199
  173,     0.302
  174,     0.299
  175,     0.263
  176,     0.219
  177,     0.187
  178,     0.163
  179,     0.141
  180,     0.120
  181,     0.092
  182,     0.071
  183,     0.076
  184,     0.095
  185,     0.061
  186,     0.046
  187,     0.042
  188,     0.032
  189,     0.024
  190,     0.020
  191,     0.013
  192,     0.006
  193,     0.003
  194,     0.001
  195,     0.001
  196,     0.000
  197,     0.000
  198,     0.000
  199,     0.000
  200,     0.000
  201,     0.000
  202,     0.000
  203,     0.000
  204,     0.000
  205,     0.000
  206,     0.000
  207,     0.000
  208,     0.000
  209,     0.000
  210,     0.000
  211,     0.000
  212,     0.000
  213,     0.000
  214,     0.000
  215,     0.000
  216,     0.000
  217,     0.000
  218,     0.000
  219,     0.001
  220,     0.000
  221,     0.000
  222,     0.000
  223,     0.001
  224,     0.001
  225,     0.000
  226,     0.000
  227,     0.000
  228,     0.000
  229,     0.000
  230,     0.000
  231,     0.000
  232,     0.000
  233,     0.000
  234,     0.000
  235,     0.000
  236,     0.000
  237,     0.000
  238,     0.000
  239,     0.000
  240,     0.008
  241,     0.004
  242,     0.002
  243,     0.001
  244,     0.001
  245,     0.000
  246,     0.000
  247,     0.000
  248,     0.000
  249,     0.000
  250,     0.000
  251,     0.000
  252,     0.449
  253,     0.313
  254,     0.175
  255,     0.259
  256,     0.192
  257,     0.139
  258,     0.246
  259,     0.483
  260,     0.823
  261,     0.704
  262,     0.587
  263,     0.431
  264,     0.381
  265,     0.355
  266,     0.297
  267,     0.290
  268,     0.264
  269,     0.224
  270,     0.196
  271,     0.168
  272,     0.133
  273,     0.114
  274,     0.104
  275,     0.089
  276,     0.075
  277,     0.063
  278,     0.054
  279,     0.048
  280,     0.043
  281,     0.051
  282,     0.179
  283,     0.194
  284,     0.205
  285,     0.228
  286,     0.340
  287,     0.366
  288,     0.560
  289,     0.559
  290,     0.780
  291,     0.691
  292,     0.672
  293,     0.634
  294,     0.574
  295,     0.548
  296,     0.457
  297,     0.607
  298,     0.617
  299,     0.632
  300,     0.619
  301,     0.615
  302,     0.953
  303,     0.994
  304,     0.996
  305,     0.997
  306,     0.999
  307,     1.000
  308,     1.000
  309,     1.000
  310,     1.000
  311,     1.000
  312,     1.000
  313,     1.000
  314,     1.000
  315,     1.000
  316,     1.000
  317,     1.000
  318,     1.000
  319,     1.000
  320,     1.000
  321,     1.000
  322,     1.000
  323,     1.000
  324,     1.000
  325,     1.000
  326,     1.000
  327,     1.000
  328,     1.000
  329,     1.000
  330,     1.000
  331,     1.000
  332,     1.000
  333,     1.000
  334,     1.000
  335,     1.000
  336,     1.000
  337,     1.000
  338,     1.000
  339,     1.000
  340,     1.000
  341,     1.000
  342,     1.000
  343,     1.000
  344,     1.000
  345,     1.000
  346,     1.000
  347,     1.000
  348,     1.000
  349,     1.000
  350,     1.000
  351,     1.000
  352,     1.000
  353,     1.000
  354,     1.000
  355,     1.000
  356,     1.000
  357,     1.000
  358,     1.000
  359,     1.000
  360,     1.000
  361,     1.000
  362,     1.000
  363,     1.000
  364,     1.000
  365,     1.000
    1,     1.000
    2,     1.000
    3,     1.000
    4,     1.000
    5,     1.000
    6,     1.000
    7,     1.000
    8,     1.000
    9,     1.000
   10,     1.000
   11,     1.000
   12,     1.000
   13,     1.000
   14,     1.000
   15,     1.000
   16,     1.000
   17,     1.000
   18,     1.000
   19,     1.000
   20,     1.000
   21,     1.000
   22,     1.000
   23,     1.000
   24,     1.000
   25,     1.000
   26,     1.000
   27,     1.000
   28,     1.000
   29,     1.000
   30,     1.000
   31,     1.000
   32,     1.000
   33,     1.000
   34,     1.000
   35,     1.000
   36,     1.000
   37,     1.000
   38,     1.000
   39,     1.000
   40,     1.000
   41,     1.000
   42,     1.000
   43,     1.000
   44,     1.000
   45,     1.000
   46,     1.000
   47,     1.000
   48,     1.000
   49,     1.000
   50,     1.000
   51,     1.000
   52,     1.000
   53,     1.000
   54,     1.000
   55,     1.000
   56,     1.000
   57,     1.000
   58,     1.000
   59,     1.000
   60,     1.000
   61,     1.000
   62,     1.000
   63,     1.000
   64,     1.000
   65,     1.000
   66,     1.000
   67,     1.000
   68,     1.000
   69,     1.000
   70,     1.000
   71,     1.000
   72,     1.000
   73,     1.000
   74,     1.000
   75,     1.000
   76,     1.000
   77,     1.000
   78,     1.000
   79,     1.000
   80,     1.000
   81,     1.000
   82,     1.000
   83,     1.000
   84,     1.000
   85,     1.000
   86,     1.000
   87,     1.000
   88,     1.000
   89,     1.000
   90,     1.000
   91,     1.000
   92,     1.000
   93,     1.000
   94,     1.000
   95,     1.000
   96,     1.000
   97,     1.000
   98,     1.000
   99,     1.000
  100,     1.000
  101,     0.999
  102,     0.999
  103,     0.999
  104,     0.998
  105,     0.998
  106,     1.000
  107,     1.000
  108,     1.000
  109,     1.000
  110,     1.000
  111,     0.999
  112,     0.998
  113,     0.998
  114,     0.997
  115,     0.996
  116,     0.996
  117,     0.994
  118,     0.989
  119,     0.994
  120,     0.989
  121,     0.981
  122,     0.973
  123,     0.962
  124,     0.952
  125,     0.946
  126,     0.993
  127,     0.999
  128,     0.983
  129,     0.963
  130,     0.953
  131,     0.970
  132,     0.965
  133,     0.982
  134,     0.986
  135,     0.954
  136,     0.956
  137,     0.929
  138,     0.915
  139,     0.905
  140,     0.896
  141,     0.908
  142,     0.920
  143,     0.957
  144,     0.963
  145,     0.938
  146,     0.915
  147,     0.898
  148,     0.885
  149,     0.876
  150,     0.886
  151,     0.876
  152,     0.870
  153,     0.857
  154,     0.843
  155,     0.826
  156,     0.806
  157,     0.777
  158,     0.750
  159,     0.972
  160,     0.865
  161,     0.798
  162,     0.749
  163,     0.718
  164,     0.706
  165,     0.683
  166,     0.660
  167,     0.657
  168,     0.639
  169,     0.634
  170,     0.602
  171,     0.570
  172,     0.535
  173,     0.508
  174,     0.471
  175,     0.427
  176,     0.376
  177,     0.332
  178,     0.300
  179,     0.282
  180,     0.255
  181,     0.209
  182,     0.167
  183,     0.132
  184,     0.113
  185,     0.083
  186,     0.083
  187,     0.093
  188,     0.071
  189,     0.063
  190,     0.174
  191,     0.127
  192,     0.082
  193,     0.105
  194,     0.092
  195,     0.061
  196,     0.041
  197,     0.029
  198,     0.019
  199,     0.012
  200,     0.007
  201,     0.004
  202,     0.003
  203,     0.001
  204,     0.001
  205,     0.000
  206,     0.000
  207,     0.000
  208,     0.000
  209,     0.000
  210,     0.000
  211,     0.000
  212,     0.000
  213,     0.000
  214,     0.000
  215,     0.000
  216,     0.000
  217,     0.000
  218,     0.000
  219,     0.000
  220,     0.004
  221,     0.003
  222,     0.001
  223,     0.000
  224,     0.000
  225,     0.000
  226,     0.000
  227,     0.000
  228,     0.000
  229,     0.000
  230,     0.000
  231,     0.000
  232,     0.000
  233,     0.000
  234,     0.000
  235,     0.072
  236,     0.136
  237,     0.092
  238,     0.078
  239,     0.059
  240,     0.041
  241,     0.079
  242,     0.068
  243,     0.047
  244,     0.025
  245,     0.014
  246,     0.039
  247,     0.561
  248,     0.334
  249,     0.235
  250,     0.178
  251,     0.159
  252,     0.128
  253,     0.171
  254,     0.173
  255,     0.164
  256,     0.175
  257,     0.145
  258,     0.119
  259,     0.150
  260,     0.158
  261,     0.244
  262,     0.275
  263,     0.369
  264,     0.344
  265,     0.365
  266,     0.324
  267,     0.268
  268,     0.236
  269,     0.196
  270,     0.150
  271,     0.122
  272,     0.104
  273,     0.095
  274,     0.221
  275,     0.246
  276,     0.240
  277,     0.211
  278,     0.183
  279,     0.159
  280,     0.144
  281,     0.153
  282,     0.155
  283,     0.144
  284,     0.162
  285,     0.170
  286,     0.186
  287,     0.188
  288,     0.190
  289,     0.328
  290,     0.547
  291,     0.716
  292,     0.837
  293,     0.874
  294,     0.857
  295,     0.854
  296,     0.887
  297,     0.943
  298,     0.994
  299,     0.996
  300,     0.992
  301,     0.987
  302,     0.982
  303,     0.973
  304,     0.971
  305,     0.976
  306,     0.980
  307,     0.985
  308,     0.988
  309,     0.990
  310,     0.992
  311,     0.977
  312,     0.978
  313,     0.979
  314,     0.975
  315,     0.978
  316,     0.975
  317,     0.975
  318,     0.976
  319,     0.977
  320,     0.979
  321,     0.978
  322,     0.980
  323,     0.981
  324,     0.982
  325,     0.985
  326,     0.985
  327,     0.985
  328,     0.985
  329,     0.985
  330,     0.985
  331,     0.986
  332,     0.986
  333,     0.989
  334,     0.989
  335,     0.988
  336,     0.988
  337,     0.988
  338,     0.988
  339,     0.980
  340,     0.995
  341,     0.995
  342,     0.995
  343,     0.995
  344,     0.995
  345,     0.995
  346,     0.996
  347,     0.996
  348,     0.996
  349,     0.996
  350,     0.996
  351,     0.997
  352,     0.997
  353,     0.997
  354,     0.997
  355,     0.993
  356,     0.993
  357,     0.994
  358,     0.994
  359,     0.994
  360,     0.994
  361,     0.998
  362,     0.998
  363,     0.998
  364,     0.998
  365,     0.998
  366,     0.999
    1,     0.999
    2,     0.999
    3,     0.999
    4,     1.000
    5,     1.000
    6,     1.000
    7,     1.000
    8,     1.000
    9,     1.000
   10,     1.000
   11,     1.000
   12,     1.000
   13,     1.000
   14,     1.000
   15,     1.000
   16,     1.000
   17,     1.000
   18,     0.994
   19,     0.994
   20,     0.994
   21,     0.995
   22,     0.995
   23,     0.995
   24,     0.995
   25,     0.994
   26,     0.994
   27,     0.994
   28,     0.994
   29,     0.994
   30,     0.994
   31,     0.994
   32,     0.991
   33,     0.972
   34,     0.970
   35,     0.970
   36,     0.990
   37,     0.991
   38,     0.990
   39,     0.989
   40,     0.988
   41,     0.987
   42,     0.987
   43,     0.987
   44,     0.986
   45,     0.995
   46,     0.995
   47,     0.995
   48,     0.995
   49,     0.995
   50,     0.995
   51,     0.996
   52,     0.996
   53,     0.996
   54,     0.995
   55,     0.995
   56,     0.994
   57,     0.994
   58,     0.993
   59,     0.993
   60,     0.992
   61,     0.992
   62,     0.992
   63,     0.992
   64,     0.992
   65,     0.991
   66,     0.991
   67,     0.991
   68,     0.991
   69,     0.991
   70,     0.990
   71,     0.989
   72,     0.992
   73,     0.997
   74,     0.998
   75,     0.998
   76,     1.000
   77,     1.000
   78,     1.000
   79,     1.000
   80,     1.000
   81,     1.000
   82,     1.000
   83,     1.000
   84,     1.000
   85,     1.000
   86,     0.992
   87,     0.991
   88,     0.991
   89,     0.990
   90,     0.993
   91,     0.993
   92,     0.991
   93,     0.992
   94,     0.991
   95,     0.991
   96,     0.991
   97,     0.989
   98,     0.988
   99,     0.993
  100,     0.993
  101,     0.992
  102,     0.992
  103,     0.991
  104,     0.992
  105,     0.992
  106,     0.991
  107,     0.989
  108,     0.990
  109,     0.991
  110,     0.989
  111,     0.985
  112,     0.982
  113,     0.978
  114,     0.973
  115,     0.969
  116,     0.961
  117,     0.970
  118,     0.988
  119,     0.988
  120,     0.984
  121,     0.978
  122,     0.969
  123,     0.957
  124,     0.947
  125,     0.936
  126,     0.921
  127,     0.910
  128,     0.901
  129,     0.891
  130,     0.905
  131,     0.890
  132,     0.864
  133,     0.840
  134,     0.802
  135,     0.767
  136,     0.715
  137,     0.777
  138,     0.777
  139,     0.722
  140,     0.707
  141,     0.667
  142,     0.633
  143,     0.613
  144,     0.588
  145,     0.557
  146,     0.518
  147,     0.473
  148,     0.424
  149,     0.382
  150,     0.345
  151,     0.304
  152,     0.276
  153,     0.291
  154,     0.283
  155,     0.261
  156,     0.236
  157,     0.230
  158,     0.528
  159,     0.715
  160,     0.596
  161,     0.473
  162,     0.380
  163,     0.300
  164,     0.397
  165,     0.322
  166,     0.352
  167,     0.287
  168,     0.235
  169,     0.987
  170,     0.998
  171,     0.941
  172,     0.730
  173,     0.468
  174,     0.330
  175,     0.270
  176,     0.245
  177,     0.280
  178,     0.209
  179,     0.183
  180,     0.180
  181,     0.148
  182,     0.128
  183,     0.111
  184,     0.148
  185,     0.116
  186,     0.094
  187,     0.081
  188,     0.083
  189,     0.070
  190,     0.070
  191,     0.066
  192,     0.057
  193,     0.051
  194,     0.045
  195,     0.040
  196,     0.031
  197,     0.024
  198,     0.024
  199,     0.013
  200,     0.017
  201,     0.010
  202,     0.006
  203,     0.004
  204,     0.003
  205,     0.005
  206,     0.008
  207,     0.003
  208,     0.002
  209,     0.001
  210,     0.000
  211,     0.000
  212,     0.000
  213,     0.000
  214,     0.000
  215,     0.000
  216,     0.000
  217,     0.000
  218,     0.000
  219,     0.000
  220,     0.000
  221,     0.000
  222,     0.000
  223,     0.002
  224,     0.004
  225,     0.007
  226,     0.003
  227,     0.002
  228,     0.002
  229,     0.005
  230,     0.106
  231,     0.056
  232,     0.030
  233,     0.013
  234,     0.005
  235,     0.008
  236,     0.612
  237,     0.442
  238,     0.303
  239,     0.170
  240,     0.087
  241,     0.042
  242,     0.043
  243,     0.030
  244,     0.023
  245,     0.015
  246,     0.014
  247,     0.010
  248,     0.027
  249,     0.026
  250,     0.021
  251,     0.016
  252,     0.197
  253,     0.856
  254,     0.919
  255,     0.801
  256,     0.767
  257,     0.677
  258,     0.640
  259,     0.709
  260,     0.626
  261,     0.560
  262,     0.500
  263,     0.598
  264,     0.569
  265,     0.543
  266,     0.562
  267,     0.542
  268,     0.517
  269,     0.493
  270,     0.516
  271,     0.544
  272,     0.610
  273,     0.635
  274,     0.960
  275,     0.969
  276,     0.942
  277,     0.946
  278,     0.922
  279,     0.904
  280,     0.889
  281,     0.881
  282,     0.871
  283,     0.866
  284,     0.852
  285,     0.841
  286,     0.852
  287,     0.865
  288,     0.873
  289,     0.858
  290,     0.915
  291,     0.940
  292,     0.941
  293,     0.937
  294,     0.947
  295,     0.943
  296,     0.928
  297,     0.917
  298,     0.909
  299,     0.898
  300,     0.913
  301,     0.914
  302,     0.918
  303,     0.932
  304,     0.936
  305,     0.946
  306,     0.971
  307,     0.971
  308,     0.975
  309,     0.980
  310,     0.984
  311,     0.990
  312,     0.991
  313,     0.992
  314,     0.986
  315,     0.987
  316,     0.988
  317,     0.988
  318,     0.990
  319,     0.991
  320,     0.991
  321,     0.992
  322,     0.991
  323,     0.989
  324,     0.989
  325,     0.990
  326,     0.990
  327,     0.989
  328,     0.989
  329,     0.989
  330,     0.991
  331,     0.995
  332,     0.996
  333,     0.997
  334,     0.999
  335,     0.999
  336,     0.999
  337,     0.999
  338,     0.999
  339,     0.999
  340,     1.000
  341,     1.000
  342,     1.000
  343,     1.000
  344,     0.984
  345,     0.984
  346,     0.984
  347,     0.988
  348,     0.988
  349,     0.988
  350,     0.987
  351,     0.988
  352,     0.988
  353,     0.988
  354,     0.988
  355,     0.990
  356,     0.990
  357,     0.990
  358,     0.990
  359,     0.986
  360,     0.986
  361,     0.987
  362,     0.987
  363,     0.988
  364,     0.988
  365,     0.989
    1,     0.989
    2,     0.989
    3,     0.990
    4,     0.991
    5,     0.991
    6,     0.990
    7,     0.990
    8,     0.991
    9,     0.991
   10,     0.985
   11,     0.986
   12,     0.988
   13,     0.988
   14,     0.988
   15,     0.993
   16,     0.994
   17,     0.994
   18,     0.981
   19,     0.982
   20,     0.982
   21,     0.985
   22,     0.985
   23,     0.977
   24,     0.976
   25,     0.976
   26,     0.976
   27,     0.976
   28,     0.976
   29,     0.977
   30,     0.978
   31,     0.978
   32,     0.979
   33,     0.978
   34,     0.978
   35,     0.981
   36,     0.981
   37,     0.980
   38,     0.980
   39,     0.980
   40,     0.980
   41,     0.980
   42,     0.980
   43,     0.980
   44,     0.981
   45,     0.981
   46,     0.985
   47,     0.988
   48,     0.988
   49,     0.987
   50,     0.987
   51,     0.987
   52,     0.987
   53,     0.989
   54,     0.993
   55,     0.996
   56,     0.996
   57,     0.996
   58,     0.996
   59,     0.996
   60,     0.999
   61,     0.999
   62,     0.999
   63,     1.000
   64,     1.000
   65,     0.999
   66,     0.999
   67,     0.999
   68,     0.994
   69,     0.995
   70,     0.996
   71,     0.996
   72,     0.996
   73,     0.996
   74,     0.996
   75,     0.995
   76,     0.994
   77,     0.993
   78,     0.994
   79,     0.993
   80,     0.993
   81,     0.992
   82,     0.992
   83,     0.991
   84,     0.991
   85,     0.991
   86,     0.991
   87,     0.991
   88,     0.991
   89,     0.990
   90,     0.990
   91,     0.989
   92,     0.990
   93,     0.990
   94,     0.989
   95,     0.988
   96,     0.993
   97,     0.995
   98,     0.994
   99,     0.992
  100,     0.990
  101,     0.994
  102,     0.993
  103,     0.992
  104,     0.991
  105,     0.989
  106,     0.989
  107,     0.988
  108,     0.987
  109,     0.985
  110,     0.983
  111,     0.979
  112,     0.976
  113,     0.980
  114,     0.977
  115,     0.974
  116,     0.970
  117,     0.965
  118,     0.960
  119,     0.950
  120,     0.956
  121,     0.976
  122,     0.982
  123,     0.979
  124,     0.971
  125,     0.955
  126,     0.940
  127,     0.930
  128,     0.922
  129,     0.917
  130,     0.909
  131,     0.900
  132,     0.905
  133,     0.895
  134,     0.884
  135,     0.868
  136,     0.846
  137,     0.821
  138,     0.790
  139,     0.755
  140,     0.718
  141,     0.701
  142,     0.673
  143,     0.633
  144,     0.594
  145,     0.555
  146,     0.637
  147,     0.788
  148,     0.758
  149,     0.728
  150,     0.660
  151,     0.585
  152,     0.519
  153,     0.460
  154,     0.409
  155,     0.371
  156,     0.342
  157,     0.309
  158,     0.268
  159,     0.222
  160,     0.211
  161,     0.192
  162,     0.180
  163,     0.184
  164,     0.151
  165,     0.122
  166,     0.108
  167,     0.106
  168,     0.099
  169,     0.096
  170,     0.091
  171,     0.106
  172,     0.097
  173,     0.085
  174,     0.078
  175,     0.071
  176,     0.057
  177,     0.044
  178,     0.026
  179,     0.011
  180,     0.004
  181,     0.001
  182,     0.000
  183,     0.000
  184,     0.000
  185,     0.000
  186,     0.000
  187,     0.000
  188,     0.000
  189,     0.000
  190,     0.000
  191,     0.000
  192,     0.000
  193,     0.000
  194,     0.000
  195,     0.001
  196,     0.000
  197,     0.000
  198,     0.000
  199,     0.000
  200,     0.000
  201,     0.000
  202,     0.000
  203,     0.000
  204,     0.000
  205,     0.000
  206,     0.000
  207,     0.000
  208,     0.000
  209,     0.000
  210,     0.000
  211,     0.000
  212,     0.019
  213,     0.008
  214,     0.007
  215,     0.003
  216,     0.002
  217,     0.005
  218,     0.003
  219,     0.002
  220,     0.001
  221,     0.000
  222,     0.000
  223,     0.000
  224,     0.014
  225,     0.009
  226,     0.004
  227,     0.001
  228,     0.000
  229,     0.000
  230,     0.000
  231,     0.000
  232,     0.000
  233,     0.000
  234,     0.000
  235,     0.000
  236,     0.001
  237,     0.000
  238,     0.000
  239,     0.000
  240,     0.000
  241,     0.000
  242,     0.066
  243,     0.198
  244,     0.110
  245,     0.060
  246,     0.028
  247,     0.012
  248,     0.005
  249,     0.002
  250,     0.001
  251,     0.001
  252,     0.000
  253,     0.002
  254,     0.001
  255,     0.001
  256,     0.016
  257,     0.382
  258,     0.954
  259,     0.915
  260,     0.822
  261,     0.735
  262,     0.640
  263,     0.536
  264,     0.550
  265,     0.568
  266,     0.523
  267,     0.481
  268,     0.422
  269,     0.364
  270,     0.295
  271,     0.232
  272,     0.194
  273,     0.158
  274,     0.140
  275,     0.137
  276,     0.160
  277,     0.158
  278,     0.151
  279,     0.142
  280,     0.317
  281,     0.324
  282,     0.328
  283,     0.327
  284,     0.268
  285,     0.242
  286,     0.218
  287,     0.195
  288,     0.192
  289,     0.261
  290,     0.460
  291,     0.460
  292,     0.482
  293,     0.677
  294,     0.697
  295,     0.684
  296,     0.672
  297,     0.668
  298,     0.684
  299,     0.696
  300,     0.764
  301,     0.771
  302,     0.871
  303,     0.987
  304,     0.986
  305,     0.986
  306,     0.986
  307,     0.991
  308,     0.990
  309,     0.993
  310,     0.995
  311,     0.996
  312,     0.997
  313,     0.999
  314,     0.999
  315,     0.999
  316,     0.999
  317,     0.999
  318,     0.999
  319,     0.999
  320,     0.972
  321,     0.972
  322,     0.972
  323,     0.972
  324,     0.972
  325,     0.972
  326,     0.980
  327,     0.983
  328,     0.982
  329,     0.984
  330,     0.986
  331,     0.995
  332,     0.996
  333,     0.996
  334,     0.996
  335,     0.996
  336,     0.996
  337,     0.996
  338,     0.996
  339,     0.996
  340,     0.996
  341,     0.996
  342,     0.996
  343,     0.996
  344,     0.996
  345,     0.997
  346,     0.991
  347,     0.992
  348,     0.986
  349,     0.987
  350,     0.982
  351,     0.982
  352,     0.982
  353,     0.983
  354,     0.982
  355,     0.983
  356,     0.983
  357,     0.983
  358,     0.984
  359,     0.984
  360,     0.983
  361,     0.985
  362,     0.995
  363,     0.995
  364,     0.994
  365,     0.993
    1,     0.993
    2,     0.988
    3,     0.987
    4,     0.987
    5,     0.987
    6,     0.965
    7,     0.965
    8,     0.965
    9,     0.966
   10,     0.966
   11,     0.971
   12,     0.970
   13,     0.970
   14,     0.976
   15,     0.975
   16,     0.975
   17,     0.992
   18,     0.992
   19,     0.990
   20,     0.992
   21,     0.993
   22,     0.993
   23,     0.995
   24,     0.995
   25,     0.994
   26,     0.994
   27,     0.994
   28,     0.994
   29,     0.994
   30,     0.994
   31,     0.994
   32,     0.997
   33,     0.998
   34,     0.999
   35,     0.999
   36,     0.999
   37,     0.999
   38,     0.999
   39,     1.000
   40,     1.000
   41,     1.000
   42,     1.000
   43,     1.000
   44,     1.000
   45,     1.000
   46,     1.000
   47,     1.000
   48,     1.000
   49,     0.997
   50,     0.997
   51,     0.997
   52,     0.997
   53,     0.997
   54,     0.997
   55,     0.997
   56,     0.997
   57,     0.998
   58,     0.998
   59,     0.998
   60,     0.998
   61,     0.999
   62,     0.999
   63,     0.999
   64,     0.999
   65,     0.999
   66,     0.998
   67,     0.998
   68,     0.995
   69,     0.995
   70,     0.995
   71,     0.995
   72,     0.983
   73,     0.986
   74,     0.988
   75,     0.989
   76,     0.988
   77,     0.989
   78,     0.991
   79,     0.994
   80,     0.995
   81,     0.995
   82,     0.994
   83,     0.995
   84,     0.997
   85,     0.997
   86,     0.996
   87,     0.997
   88,     0.996
   89,     0.995
   90,     0.994
   91,     0.996
   92,     0.998
   93,     0.999
   94,     0.999
   95,     0.998
   96,     0.997
   97,     0.995
   98,     0.993
   99,     0.991
  100,     0.993
  101,     0.998
  102,     0.999
  103,     0.998
  104,     0.996
  105,     0.994
  106,     0.993
  107,     0.992
  108,     0.991
  109,     0.995
  110,     0.995
  111,     0.996
  112,     0.995
  113,     0.992
  114,     0.990
  115,     0.989
  116,     0.988
  117,     0.988
  118,     0.991
  119,     0.990
  120,     0.993
  121,     0.990
  122,     0.988
  123,     0.988
  124,     0.999
  125,     0.999
  126,     0.997
  127,     0.992
  128,     0.986
  129,     0.982
  130,     0.978
  131,     0.971
  132,     0.964
  133,     0.957
  134,     0.963
  135,     0.955
  136,     0.943
  137,     0.931
  138,     0.918
  139,     0.906
  140,     0.900
  141,     0.907
  142,     0.915
  143,     0.899
  144,     0.931
  145,     0.950
  146,     0.909
  147,     0.886
  148,     0.881
  149,     0.864
  150,     0.846
  151,     0.828
  152,     0.802
  153,     0.772
  154,     0.734
  155,     0.688
  156,     0.630
  157,     0.572
  158,     0.604
  159,     0.561
  160,     0.527
  161,     0.508
  162,     0.491
  163,     0.509
  164,     0.484
  165,     0.459
  166,     0.445
  167,     0.461
  168,     0.869
  169,     0.854
  170,     0.735
  171,     0.607
  172,     0.463
  173,     0.382
  174,     0.329
  175,     0.320
  176,     0.359
  177,     0.327
  178,     0.282
  179,     0.242
  180,     0.206
  181,     0.196
  182,     0.179
  183,     0.160
  184,     0.142
  185,     0.122
  186,     0.096
  187,     0.074
  188,     0.061
  189,     0.053
  190,     0.045
  191,     0.037
  192,     0.024
  193,     0.013
  194,     0.006
  195,     0.003
  196,     0.002
  197,     0.000
  198,     0.000
  199,     0.000
  200,     0.000
  201,     0.000
  202,     0.000
  203,     0.000
  204,     0.000
  205,     0.000
  206,     0.000
  207,     0.000
  208,     0.000
  209,     0.000
  210,     0.000
  211,     0.000
  212,     0.000
  213,     0.000
  214,     0.000
  215,     0.000
  216,     0.000
  217,     0.000
  218,     0.000
  219,     0.000
  220,     0.000
  221,     0.002
  222,     0.115
  223,     0.154
  224,     0.076
  225,     0.040
  226,     0.020
  227,     0.011
  228,     0.006
  229,     0.002
  230,     0.001
  231,     0.001
  232,     0.006
  233,     0.012
  234,     0.007
  235,     0.003
  236,     0.003
  237,     0.002
  238,     0.015
  239,     0.294
  240,     0.219
  241,     0.149
  242,     0.086
  243,     0.046
  244,     0.027
  245,     0.018
  246,     0.015
  247,     0.011
  248,     0.007
  249,     0.014
  250,     0.011
  251,     0.181
  252,     0.184
  253,     0.137
  254,     0.078
  255,     0.258
  256,     0.267
  257,     0.194
  258,     0.131
  259,     0.092
  260,     0.067
  261,     0.059
  262,     0.201
  263,     0.173
  264,     0.200
  265,     0.302
  266,     0.681
  267,     0.702
  268,     0.644
  269,     0.606
  270,     0.562
  271,     0.514
  272,     0.896
  273,     0.822
  274,     0.792
  275,     0.758
  276,     0.842
  277,     0.832
  278,     0.978
  279,     0.950
  280,     0.929
  281,     0.908
  282,     0.884
  283,     0.851
  284,     0.790
  285,     0.783
  286,     0.767
  287,     0.761
  288,     0.733
  289,     0.714
  290,     0.703
  291,     0.708
  292,     0.723
  293,     0.839
  294,     0.840
  295,     0.845
  296,     0.840
  297,     0.823
  298,     0.870
  299,     0.879
  300,     0.885
  301,     0.886
  302,     0.884
  303,     0.926
  304,     0.931
  305,     0.935
  306,     0.952
  307,     0.958
  308,     0.979
  309,     0.987
  310,     0.990
  311,     0.992
  312,     0.990
  313,     0.991
  314,     0.991
  315,     0.992
  316,     0.970
  317,     0.903
  318,     0.906
  319,     0.912
  320,     0.920
  321,     0.921
  322,     0.929
  323,     0.928
  324,     0.926
  325,     0.931
  326,     0.929
  327,     0.928
  328,     0.927
  329,     0.928
  330,     0.932
  331,     0.976
  332,     0.986
  333,     0.985
  334,     0.984
  335,     0.985
  336,     0.986
  337,     0.993
  338,     0.993
  339,     0.993
  340,     0.997
  341,     0.997
  342,     0.997
  343,     0.997
  344,     0.998
  345,     0.998
  346,     0.998
  347,     0.998
  348,     0.998
  349,     0.999
  350,     0.995
  351,     0.995
  352,     0.995
  353,     0.995
  354,     0.995
  355,     0.995
  356,     0.995
  357,     0.996
  358,     0.996
  359,     0.996
  360,     0.996
  361,     0.997
  362,     0.997
  363,     0.997
  364,     0.998
  365,     0.998
    1,     0.998
    2,     0.998
    3,     0.993
    4,     0.991
    5,     0.991
    6,     0.991
    7,     0.991
    8,     0.991
    9,     0.991
   10,     0.991
   11,     0.993
   12,     0.993
   13,     0.993
   14,     0.993
   15,     0.993
   16,     0.993
   17,     0.993
   18,     0.995
   19,     0.995
   20,     0.999
   21,     0.999
   22,     0.999
   23,     0.999
   24,     0.999
   25,     0.999
   26,     0.999
   27,     0.990
   28,     0.992
   29,     0.992
   30,     0.993
   31,     0.993
   32,     0.993
   33,     0.993
   34,     0.993
   35,     0.993
   36,     0.993
   37,     0.980
   38,     0.979
   39,     0.979
   40,     0.985
   41,     0.985
   42,     0.984
   43,     0.984
   44,     0.993
   45,     0.992
   46,     0.991
   47,     0.990
   48,     0.991
   49,     0.990
   50,     0.990
   51,     0.989
   52,     0.989
   53,     0.988
   54,     0.988
   55,     0.992
   56,     0.993
   57,     0.993
   58,     0.993
   59,     0.994
   60,     0.994
   61,     0.994
   62,     0.994
   63,     0.994
   64,     0.995
   65,     0.995
   66,     0.995
   67,     0.994
   68,     0.994
   69,     0.994
   70,     0.993
   71,     0.993
   72,     0.993
   73,     0.993
   74,     0.993
   75,     0.993
   76,     0.995
   77,     0.987
   78,     0.987
   79,     0.987
   80,     0.987
   81,     0.987
   82,     0.987
   83,     0.986
   84,     0.987
   85,     0.987
   86,     0.987
   87,     0.989
   88,     0.989
   89,     0.993
   90,     0.997
   91,     0.999
   92,     0.999
   93,     0.998
   94,     0.997
   95,     0.996
   96,     0.999
   97,     0.998
   98,     0.997
   99,     0.997
  100,     0.996
  101,     0.995
  102,     0.995
  103,     0.994
  104,     0.993
  105,     0.993
  106,     0.994
  107,     0.996
  108,     0.995
  109,     0.994
  110,     0.997
  111,     1.000
  112,     1.000
  113,     1.000
  114,     1.000
  115,     1.000
  116,     0.999
  117,     0.999
  118,     0.997
  119,     0.996
  120,     0.995
  121,     0.995
  122,     0.994
  123,     0.993
  124,     0.990
  125,     0.987
  126,     0.982
  127,     0.981
  128,     0.979
  129,     0.999
  130,     1.000
  131,     1.000
  132,     1.000
  133,     0.998
  134,     0.991
  135,     0.983
  136,     0.971
  137,     0.956
  138,     0.941
  139,     0.924
  140,     0.910
  141,     0.898
  142,     0.896
  143,     0.926
  144,     0.938
  145,     0.925
  146,     0.957
  147,     0.946
  148,     0.918
  149,     0.879
  150,     0.845
  151,     0.811
  152,     0.778
  153,     0.742
  154,     0.703
  155,     0.698
  156,     0.712
  157,     0.663
  158,     0.660
  159,     0.673
  160,     0.752
  161,     0.702
  162,     0.751
  163,     0.813
  164,     0.778
  165,     0.702
  166,     0.651
  167,     0.605
  168,     0.570
  169,     0.528
  170,     0.491
  171,     0.464
  172,     0.433
  173,     0.391
  174,     0.343
  175,     0.309
  176,     0.273
  177,     0.245
  178,     0.221
  179,     0.201
  180,     0.181
  181,     0.160
  182,     0.136
  183,     0.117
  184,     0.109
  185,     0.094
  186,     0.079
  187,     0.069
  188,     0.058
  189,     0.050
  190,     0.043
  191,     0.036
  192,     0.040
  193,     0.324
  194,     0.170
  195,     0.094
  196,     0.057
  197,     0.042
  198,     0.039
  199,     0.031
  200,     0.026
  201,     0.021
  202,     0.016
  203,     0.011
  204,     0.008
  205,     0.006
  206,     0.011
  207,     0.007
  208,     0.005
  209,     0.003
  210,     0.003
  211,     0.002
  212,     0.002
  213,     0.010
  214,     0.007
  215,     0.011
  216,     0.013
  217,     0.007
  218,     0.004
  219,     0.003
  220,     0.000
  221,     0.000
  222,     0.000
  223,     0.001
  224,     0.001
  225,     0.005
  226,     0.002
  227,     0.001
  228,     0.000
  229,     0.000
  230,     0.000
  231,     0.000
  232,     0.000
  233,     0.001
  234,     0.009
  235,     0.060
  236,     0.031
  237,     0.017
  238,     0.008
  239,     0.034
  240,     0.101
  241,     0.070
  242,     0.059
  243,     0.060
  244,     0.625
  245,     0.750
  246,     0.568
  247,     0.425
  248,     0.410
  249,     0.318
  250,     0.358
  251,     0.277
  252,     0.218
  253,     0.182
  254,     0.271
  255,     0.231
  256,     0.174
  257,     0.438
  258,     0.391
  259,     0.308
  260,     0.221
  261,     0.158
  262,     0.117
  263,     0.081
  264,     0.058
  265,     0.041
  266,     0.191
  267,     0.201
  268,     0.199
  269,     0.208
  270,     0.217
  271,     0.187
  272,     0.175
  273,     0.173
  274,     0.140
  275,     0.116
  276,     0.092
  277,     0.073
  278,     0.062
  279,     0.062
  280,     0.071
  281,     0.108
  282,     0.567
  283,     0.566
  284,     0.571
  285,     0.601
  286,     0.583
  287,     0.605
  288,     0.751
  289,     0.764
  290,     0.759
  291,     0.759
  292,     0.891
  293,     0.881
  294,     0.880
  295,     0.889
  296,     0.893
  297,     0.888
  298,     0.889
  299,     0.892
  300,     0.892
  301,     0.895
  302,     0.885
  303,     0.865
  304,     0.859
  305,     0.858
  306,     0.828
  307,     0.823
  308,     0.841
  309,     0.848
  310,     0.932
  311,     0.939
  312,     0.956
  313,     0.957
  314,     0.961
  315,     0.961
  316,     0.965
  317,     0.970
  318,     0.980
  319,     0.983
  320,     0.984
  321,     0.994
  322,     0.996
  323,     0.995
  324,     0.996
  325,     0.997
  326,     0.997
  327,     0.997
  328,     0.997
  329,     0.997
  330,     0.997
  331,     0.998
  332,     0.998
  333,     0.998
  334,     0.998
  335,     0.998
  336,     0.998
  337,     0.994
  338,     0.995
  339,     0.995
  340,     0.995
  341,     0.995
  342,     0.995
  343,     1.000
  344,     1.000
  345,     0.997
  346,     0.997
  347,     0.997
  348,     1.000
  349,     1.000
  350,     1.000
  351,     1.000
  352,     1.000
  353,     1.000
  354,     1.000
  355,     1.000
  356,     1.000
  357,     1.000
  358,     1.000
  359,     1.000
  360,     1.000
  361,     1.000
  362,     1.000
  363,     1.000
  364,     1.000
  365,     1.000
  366,     1.000
    1,     0.990
    2,     0.992
    3,     0.992
    4,     0.992
    5,     0.992
    6,     0.992
    7,     0.992
    8,     0.992
    9,     0.998
   10,     0.997
   11,     0.997
   12,     0.997
   13,     0.991
   14,     0.991
   15,     0.992
   16,     0.992
   17,     0.992
   18,     0.992
   19,     0.992
   20,     0.992
   21,     0.992
   22,     0.992
   23,     0.994
   24,     0.994
   25,     0.994
   26,     0.994
   27,     0.994
   28,     0.990
   29,     0.990
   30,     0.989
   31,     0.989
   32,     0.989
   33,     0.989
   34,     0.989
   35,     0.989
   36,     0.989
   37,     0.989
   38,     0.991
   39,     0.991
   40,     0.991
   41,     0.991
   42,     0.993
   43,     0.992
   44,     0.993
   45,     0.995
   46,     0.995
   47,     0.995
   48,     0.994
   49,     0.994
   50,     0.994
   51,     0.995
   52,     0.995
   53,     0.995
   54,     0.995
   55,     0.997
   56,     0.999
   57,     1.000
   58,     1.000
   59,     0.999
   60,     0.999
   61,     0.999
   62,     0.999
   63,     1.000
   64,     1.000
   65,     1.000
   66,     1.000
   67,     1.000
   68,     1.000
   69,     1.000
   70,     1.000
   71,     1.000
   72,     1.000
   73,     1.000
   74,     1.000
   75,     1.000
   76,     1.000
   77,     1.000
   78,     1.000
   79,     1.000
   80,     1.000
   81,     1.000
   82,     1.000
   83,     1.000
   84,     1.000
   85,     1.000
   86,     1.000
   87,     1.000
   88,     1.000
   89,     1.000
   90,     1.000
   91,     1.000
   92,     1.000
   93,     1.000
   94,     1.000
   95,     1.000
   96,     0.999
   97,     0.999
   98,     0.998
   99,     0.997
  100,     0.997
  101,     0.997
  102,     0.996
  103,     0.996
  104,     0.996
  105,     0.997
  106,     0.997
  107,     0.997
  108,     0.996
  109,     0.996
  110,     0.996
  111,     0.995
  112,     0.995
  113,     1.000
  114,     1.000
  115,     0.999
  116,     0.999
  117,     1.000
  118,     1.000
  119,     1.000
  120,     1.000
  121,     0.999
  122,     0.997
  123,     0.996
  124,     0.996
  125,     0.995
  126,     0.995
  127,     0.995
  128,     0.995
  129,     0.995
  130,     0.995
  131,     0.993
  132,     0.991
  133,     0.992
  134,     0.990
  135,     0.996
  136,     0.993
  137,     0.989
  138,     0.981
  139,     0.976
  140,     0.973
  141,     0.973
  142,     0.966
  143,     0.956
  144,     0.944
  145,     0.930
  146,     0.921
  147,     0.910
  148,     0.901
  149,     0.887
  150,     0.868
  151,     0.846
  152,     0.824
  153,     0.803
  154,     0.757
  155,     0.704
  156,     0.647
  157,     0.659
  158,     0.679
  159,     0.663
  160,     0.662
  161,     0.648
  162,     0.600
  163,     0.536
  164,     0.470
  165,     0.400
  166,     0.331
  167,     0.275
  168,     0.218
  169,     0.179
  170,     0.149
  171,     0.128
  172,     0.124
  173,     0.098
  174,     0.110
  175,     0.091
  176,     0.072
  177,     0.072
  178,     0.064
  179,     0.056
  180,     0.052
  181,     0.044
  182,     0.037
  183,     0.033
  184,     0.026
  185,     0.018
  186,     0.010
  187,     0.006
  188,     0.003
  189,     0.011
  190,     0.049
  191,     0.028
  192,     0.013
  193,     0.006
  194,     0.003
  195,     0.002
  196,     0.007
  197,     0.003
  198,     0.001
  199,     0.001
  200,     0.000
  201,     0.000
  202,     0.000
  203,     0.000
  204,     0.000
  205,     0.000
  206,     0.000
  207,     0.000
  208,     0.000
  209,     0.000
  210,     0.000
  211,     0.000
  212,     0.000
  213,     0.000
  214,     0.000
  215,     0.000
  216,     0.000
  217,     0.019
  218,     0.007
  219,     0.002
  220,     0.001
  221,     0.000
  222,     0.000
  223,     0.001
  224,     0.002
  225,     0.002
  226,     0.273
  227,     0.204
  228,     0.112
  229,     0.061
  230,     0.029
  231,     0.012
  232,     0.004
  233,     0.001
  234,     0.000
  235,     0.000
  236,     0.000
  237,     0.000
  238,     0.000
  239,     0.000
  240,     0.000
  241,     0.000
  242,     0.000
  243,     0.000
  244,     0.000
  245,     0.000
  246,     0.000
  247,     0.001
  248,     0.001
  249,     0.000
  250,     0.049
  251,     0.077
  252,     0.064
  253,     0.045
  254,     0.038
  255,     0.024
  256,     0.014
  257,     0.007
  258,     0.004
  259,     0.002
  260,     0.001
  261,     0.001
  262,     0.001
  263,     0.010
  264,     0.049
  265,     0.037
  266,     0.019
  267,     0.010
  268,     0.005
  269,     0.004
  270,     0.006
  271,     0.004
  272,     0.003
  273,     0.008
  274,     0.008
  275,     0.021
  276,     0.314
  277,     0.485
  278,     0.548
  279,     0.504
  280,     0.528
  281,     0.580
  282,     0.765
  283,     0.741
  284,     0.751
  285,     0.751
  286,     0.754
  287,     0.783
  288,     0.802
  289,     0.765
  290,     0.765
  291,     0.753
  292,     0.709
  293,     0.695
  294,     0.692
  295,     0.703
  296,     0.708
  297,     0.721
  298,     0.835
  299,     0.858
  300,     0.899
  301,     0.911
  302,     0.917
  303,     0.976
  304,     0.955
  305,     0.999
  306,     1.000
  307,     1.000
  308,     1.000
  309,     1.000
  310,     0.979
  311,     0.982
  312,     0.985
  313,     0.984
  314,     0.984
  315,     0.984
  316,     0.984
  317,     0.984
  318,     0.987
  319,     0.987
  320,     0.985
  321,     0.985
  322,     0.899
  323,     0.923
  324,     0.943
  325,     0.948
  326,     0.956
  327,     0.962
  328,     0.970
  329,     0.969
  330,     0.969
  331,     0.972
  332,     0.974
  333,     0.978
  334,     0.981
  335,     0.997
  336,     0.996
  337,     0.996
  338,     0.995
  339,     0.924
  340,     0.930
  341,     0.930
  342,     0.929
  343,     0.934
  344,     0.946
  345,     0.953
  346,     0.961
  347,     0.970
  348,     0.976
  349,     0.973
  350,     0.978
  351,     0.979
  352,     0.980
  353,     0.984
  354,     0.986
  355,     0.993
  356,     0.996
  357,     0.999
  358,     0.999
  359,     0.999
  360,     0.999
  361,     0.998
  362,     0.998
  363,     0.998
  364,     0.998
  365,     0.999
    1,     1.000
    2,     1.000
    3,     1.000
    4,     1.000
    5,     1.000
    6,     1.000
    7,     1.000
    8,     1.000
    9,     1.000
   10,     1.000
   11,     1.000
   12,     0.997
   13,     0.997
   14,     0.997
   15,     0.996
   16,     0.989
   17,     0.989
   18,     0.989
   19,     0.990
   20,     0.990
   21,     0.990
   22,     0.990
   23,     0.990
   24,     0.991
   25,     0.991
   26,     0.993
   27,     0.993
   28,     0.993
   29,     0.993
   30,     0.993
   31,     0.995
   32,     0.996
   33,     0.996
   34,     0.996
   35,     0.996
   36,     0.996
   37,     0.996
   38,     0.996
   39,     0.996
   40,     0.996
   41,     0.996
   42,     0.996
   43,     0.996
   44,     0.996
   45,     0.996
   46,     0.996
   47,     0.996
   48,     0.998
   49,     0.999
   50,     0.999
   51,     0.999
   52,     0.999
   53,     0.999
   54,     0.998
   55,     0.998
   56,     0.998
   57,     0.998
   58,     0.998
   59,     0.997
   60,     0.997
   61,     0.996
   62,     0.996
   63,     0.995
   64,     0.995
   65,     0.995
   66,     0.995
   67,     0.994
   68,     0.995
   69,     0.995
   70,     0.995
   71,     0.995
   72,     0.995
   73,     0.996
   74,     0.996
   75,     0.995
   76,     0.995
   77,     0.995
   78,     0.995
   79,     0.995
   80,     0.995
   81,     0.995
   82,     0.995
   83,     0.994
   84,     0.994
   85,     0.994
   86,     0.994
   87,     0.994
   88,     0.993
   89,     0.991
   90,     0.991
   91,     0.991
   92,     0.991
   93,     0.991
   94,     0.991
   95,     0.991
   96,     0.991
   97,     0.991
   98,     0.991
   99,     0.941
  100,     0.945
  101,     0.944
  102,     0.946
  103,     0.950
  104,     0.946
  105,     0.945
  106,     0.942
  107,     0.940
  108,     0.939
  109,     0.937
  110,     0.933
  111,     0.928
  112,     0.919
  113,     0.962
  114,     0.960
  115,     0.964
  116,     0.974
  117,     0.964
  118,     0.953
  119,     0.978
  120,     0.976
  121,     0.970
  122,     0.957
  123,     0.950
  124,     0.973
  125,     0.971
  126,     0.974
  127,     0.971
  128,     0.966
  129,     0.957
  130,     0.943
  131,     0.932
  132,     0.920
  133,     0.903
  134,     0.888
  135,     0.870
  136,     0.850
  137,     0.828
  138,     0.792
  139,     0.743
  140,     0.704
  141,     0.725
  142,     0.727
  143,     0.789
  144,     0.756
  145,     0.719
  146,     0.682
  147,     0.656
  148,     0.786
  149,     0.745
  150,     0.794
  151,     0.763
  152,     0.701
  153,     0.619
  154,     0.572
  155,     0.540
  156,     0.504
  157,     0.471
  158,     0.413
  159,     0.368
  160,     0.314
  161,     0.483
  162,     0.430
  163,     0.356
  164,     0.276
  165,     0.205
  166,     0.260
  167,     0.299
  168,     0.270
  169,     0.231
  170,     0.174
  171,     0.127
  172,     0.092
  173,     0.064
  174,     0.044
  175,     0.025
  176,     0.012
  177,     0.007
  178,     0.003
  179,     0.002
  180,     0.001
  181,     0.001
  182,     0.002
  183,     0.001
  184,     0.004
  185,     0.003
  186,     0.009
  187,     0.008
  188,     0.004
  189,     0.002
  190,     0.001
  191,     0.000
  192,     0.000
  193,     0.000
  194,     0.021
  195,     0.040
  196,     0.014
  197,     0.005
  198,     0.002
  199,     0.001
  200,     0.001
  201,     0.005
  202,     0.002
  203,     0.001
  204,     0.001
  205,     0.000
  206,     0.000
  207,     0.000
  208,     0.000
  209,     0.000
  210,     0.000
  211,     0.000
  212,     0.000
  213,     0.000
  214,     0.000
  215,     0.000
  216,     0.000
  217,     0.000
  218,     0.000
  219,     0.000
  220,     0.000
  221,     0.000
  222,     0.000
  223,     0.000
  224,     0.000
  225,     0.010
  226,     0.005
  227,     0.002
  228,     0.001
  229,     0.000
  230,     0.000
  231,     0.000
  232,     0.000
  233,     0.000
  234,     0.001
  235,     0.006
  236,     0.004
  237,     0.002
  238,     0.001
  239,     0.046
  240,     0.068
  241,     0.206
  242,     0.162
  243,     0.105
  244,     0.085
  245,     0.078
  246,     0.053
  247,     0.031
  248,     0.086
  249,     0.170
  250,     0.139
  251,     0.221
  252,     0.180
  253,     0.120
  254,     0.117
  255,     0.188
  256,     0.247
  257,     0.202
  258,     0.149
  259,     0.142
  260,     0.681
  261,     0.564
  262,     0.440
  263,     0.557
  264,     0.917
  265,     0.837
  266,     0.741
  267,     0.674
  268,     0.598
  269,     0.463
  270,     0.361
  271,     0.244
  272,     0.178
  273,     0.157
  274,     0.133
  275,     0.112
  276,     0.094
  277,     0.078
  278,     0.070
  279,     0.068
  280,     0.053
  281,     0.046
  282,     0.040
  283,     0.039
  284,     0.038
  285,     0.050
  286,     0.058
  287,     0.057
  288,     0.114
  289,     0.466
  290,     0.439
  291,     0.418
  292,     0.409
  293,     0.385
  294,     0.370
  295,     0.338
  296,     0.318
  297,     0.306
  298,     0.459
  299,     0.516
  300,     0.558
  301,     0.569
  302,     0.613
  303,     0.623
  304,     0.627
  305,     0.643
  306,     0.704
  307,     0.723
  308,     0.705
  309,     0.696
  310,     0.685
  311,     0.699
  312,     0.711
  313,     0.755
  314,     0.766
  315,     0.773
  316,     0.800
  317,     0.805
  318,     0.815
  319,     0.839
  320,     0.954
  321,     0.985
  322,     0.999
  323,     0.999
  324,     1.000
  325,     1.000
  326,     1.000
  327,     1.000
  328,     1.000
  329,     1.000
  330,     1.000
  331,     1.000
  332,     1.000
  333,     1.000
  334,     1.000
  335,     1.000
  336,     1.000
  337,     1.000
  338,     1.000
  339,     1.000
  340,     1.000
  341,     1.000
  342,     1.000
  343,     1.000
  344,     1.000
  345,     1.000
  346,     1.000
  347,     1.000
  348,     1.000
  349,     1.000
  350,     1.000
  351,     1.000
  352,     1.000
  353,     1.000
  354,     1.000
  355,     1.000
  356,     1.000
  357,     1.000
  358,     1.000
  359,     1.000
  360,     1.000
  361,     1.000
  362,     0.999
  363,     0.999
  364,     0.999
  365,     0.999
    1,     0.999
    2,     0.999
    3,     0.999
    4,     0.999
    5,     0.999
    6,     0.997
    7,     0.997
    8,     0.997
    9,     0.999
   10,     0.999
   11,     0.999
   12,     0.999
   13,     0.999
   14,     1.000
   15,     1.000
   16,     1.000
   17,     1.000
   18,     1.000
   19,     1.000
   20,     1.000
   21,     0.995
   22,     0.995
   23,     0.995
   24,     0.995
   25,     0.995
   26,     0.995
   27,     0.995
   28,     0.995
   29,     0.999
   30,     1.000
   31,     1.000
   32,     1.000
   33,     1.000
   34,     1.000
   35,     1.000
   36,     1.000
   37,     1.000
   38,     1.000
   39,     1.000
   40,     1.000
   41,     1.000
   42,     1.000
   43,     0.999
   44,     0.962
   45,     0.964
   46,     0.962
   47,     0.969
   48,     0.974
   49,     0.974
   50,     0.974
   51,     0.973
   52,     0.973
   53,     0.975
   54,     0.987
   55,     0.989
   56,     0.987
   57,     0.987
   58,     0.989
   59,     0.995
   60,     0.997
   61,     0.997
   62,     0.997
   63,     0.997
   64,     0.998
   65,     0.998
   66,     0.998
   67,     0.998
   68,     0.998
   69,     0.998
   70,     0.998
   71,     0.998
   72,     0.998
   73,     0.997
   74,     0.993
   75,     0.994
   76,     0.995
   77,     0.995
   78,     0.994
   79,     0.998
   80,     0.998
   81,     0.999
   82,     0.999
   83,     0.999
   84,     0.998
   85,     0.998
   86,     0.998
   87,     0.997
   88,     0.997
   89,     0.997
   90,     0.997
   91,     0.996
   92,     0.999
   93,     1.000
   94,     1.000
   95,     1.000
   96,     1.000
   97,     1.000
   98,     1.000
   99,     1.000
  100,     1.000
  101,     0.999
  102,     0.999
  103,     0.999
  104,     1.000
  105,     1.000
  106,     1.000
  107,     1.000
  108,     1.000
  109,     1.000
  110,     1.000
  111,     1.000
  112,     1.000
  113,     1.000
  114,     1.000
  115,     0.999
  116,     0.998
  117,     0.998
  118,     0.998
  119,     1.000
  120,     1.000
  121,     1.000
  122,     1.000
  123,     0.998
  124,     0.998
  125,     0.997
  126,     0.997
  127,     0.997
  128,     0.997
  129,     0.997
  130,     0.996
  131,     0.994
  132,     0.992
  133,     0.988
  134,     0.984
  135,     0.979
  136,     0.974
  137,     0.974
  138,     0.970
  139,     0.964
  140,     0.976
  141,     0.961
  142,     0.946
  143,     0.935
  144,     0.925
  145,     0.925
  146,     0.924
  147,     0.983
  148,     0.986
  149,     0.963
  150,     0.932
  151,     0.908
  152,     0.887
  153,     0.867
  154,     0.848
  155,     0.825
  156,     0.790
  157,     0.739
  158,     0.689
  159,     0.684
  160,     0.656
  161,     0.604
  162,     0.554
  163,     0.523
  164,     0.485
  165,     0.467
  166,     0.439
  167,     0.476
  168,     0.613
  169,     0.537
  170,     0.473
  171,     0.423
  172,     0.378
  173,     0.328
  174,     0.279
  175,     0.264
  176,     0.271
  177,     0.283
  178,     0.249
  179,     0.212
  180,     0.180
  181,     0.151
  182,     0.157
  183,     0.141
  184,     0.120
  185,     0.104
  186,     0.089
  187,     0.075
  188,     0.059
  189,     0.055
  190,     0.070
  191,     0.054
  192,     0.036
  193,     0.020
  194,     0.011
  195,     0.008
  196,     0.006
  197,     0.004
  198,     0.002
  199,     0.001
  200,     0.001
  201,     0.003
  202,     0.002
  203,     0.011
  204,     0.062
  205,     0.075
  206,     0.031
  207,     0.011
  208,     0.008
  209,     0.006
  210,     0.003
  211,     0.002
  212,     0.001
  213,     0.001
  214,     0.000
  215,     0.000
  216,     0.000
  217,     0.000
  218,     0.000
  219,     0.000
  220,     0.000
  221,     0.000
  222,     0.000
  223,     0.000
  224,     0.000
  225,     0.000
  226,     0.000
  227,     0.005
  228,     0.087
  229,     0.048
  230,     0.026
  231,     0.017
  232,     0.010
  233,     0.004
  234,     0.002
  235,     0.001
  236,     0.000
  237,     0.000
  238,     0.000
  239,     0.000
  240,     0.000
  241,     0.000
  242,     0.000
  243,     0.058
  244,     0.333
  245,     0.289
  246,     0.225
  247,     0.149
  248,     0.086
  249,     0.048
  250,     0.025
  251,     0.012
  252,     0.006
  253,     0.003
  254,     0.001
  255,     0.001
  256,     0.000
  257,     0.001
  258,     0.000
  259,     0.002
  260,     0.004
  261,     0.022
  262,     0.112
  263,     0.406
  264,     0.300
  265,     0.170
  266,     0.082
  267,     0.046
  268,     0.029
  269,     0.053
  270,     0.046
  271,     0.110
  272,     0.114
  273,     0.098
  274,     0.074
  275,     0.080
  276,     0.067
  277,     0.055
  278,     0.064
  279,     0.157
  280,     0.175
  281,     0.521
  282,     0.510
  283,     0.489
  284,     0.473
  285,     0.443
  286,     0.480
  287,     0.491
  288,     0.490
  289,     0.494
  290,     0.494
  291,     0.489
  292,     0.461
  293,     0.434
  294,     0.546
  295,     0.563
  296,     0.663
  297,     0.706
  298,     0.770
  299,     0.774
  300,     0.807
  301,     0.813
  302,     0.832
  303,     0.834
  304,     0.857
  305,     0.904
  306,     0.907
  307,     0.906
  308,     0.956
  309,     0.956
  310,     0.957
  311,     0.959
  312,     0.962
  313,     0.964
  314,     0.966
  315,     0.949
  316,     0.955
  317,     0.967
  318,     0.978
  319,     0.979
  320,     0.980
  321,     0.981
  322,     0.987
  323,     0.988
  324,     0.988
  325,     0.989
  326,     0.989
  327,     0.983
  328,     0.995
  329,     0.995
  330,     0.929
  331,     0.919
  332,     0.944
  333,     0.944
  334,     0.977
  335,     0.987
  336,     0.929
  337,     0.933
  338,     0.965
  339,     0.969
  340,     0.966
  341,     0.964
  342,     0.965
  343,     0.967
  344,     0.967
  345,     0.976
  346,     0.998
  347,     0.997
  348,     0.997
  349,     0.997
  350,     0.999
  351,     0.999
  352,     0.994
  353,     0.996
  354,     0.994
  355,     0.995
  356,     0.995
  357,     0.995
  358,     0.976
  359,     0.976
  360,     0.976
  361,     0.978
  362,     0.944
  363,     0.959
  364,     0.959
  365,     0.969
    1,     0.965
    2,     0.964
    3,     0.964
    4,     0.964
    5,     0.929
    6,     0.976
    7,     0.975
    8,     0.981
    9,     0.981
   10,     0.978
   11,     0.981
   12,     0.981
   13,     0.983
   14,     0.983
   15,     0.986
   16,     0.988
   17,     0.991
   18,     0.993
   19,     0.992
   20,     0.992
   21,     0.992
   22,     0.992
   23,     0.992
   24,     0.991
   25,     0.963
   26,     0.862
   27,     0.919
   28,     0.939
   29,     0.940
   30,     0.941
   31,     0.943
   32,     0.944
   33,     0.964
   34,     0.961
   35,     0.957
   36,     0.956
   37,     0.966
   38,     0.972
   39,     0.970
   40,     0.969
   41,     0.970
   42,     0.972
   43,     0.973
   44,     0.978
   45,     0.998
   46,     0.998
   47,     0.998
   48,     0.998
   49,     0.998
   50,     0.998
   51,     0.999
   52,     0.999
   53,     0.994
   54,     0.994
   55,     0.994
   56,     0.995
   57,     0.996
   58,     0.997
   59,     0.997
   60,     0.997
   61,     0.997
   62,     0.997
   63,     0.997
   64,     0.947
   65,     0.978
   66,     1.000
   67,     1.000
   68,     1.000
   69,     0.994
   70,     0.983
   71,     0.983
   72,     0.983
   73,     0.985
   74,     0.987
   75,     0.987
   76,     0.988
   77,     0.989
   78,     0.989
   79,     0.989
   80,     0.989
   81,     0.980
   82,     0.982
   83,     0.987
   84,     0.989
   85,     0.987
   86,     0.985
   87,     0.986
   88,     0.985
   89,     0.985
   90,     0.986
   91,     0.988
   92,     0.991
   93,     0.989
   94,     0.988
   95,     0.986
   96,     0.994
   97,     0.992
   98,     0.991
   99,     0.990
  100,     0.989
  101,     0.986
  102,     0.984
  103,     0.982
  104,     0.992
  105,     0.992
  106,     0.996
  107,     0.993
  108,     0.991
  109,     0.991
  110,     0.990
  111,     0.987
  112,     0.987
  113,     0.984
  114,     0.981
  115,     0.977
  116,     0.976
  117,     0.972
  118,     0.968
  119,     0.967
  120,     0.964
  121,     0.959
  122,     0.958
  123,     0.969
  124,     0.971
  125,     0.966
  126,     0.961
  127,     0.981
  128,     0.969
  129,     0.957
  130,     0.947
  131,     0.950
  132,     0.949
  133,     0.941
  134,     0.931
  135,     0.918
  136,     0.905
  137,     0.890
  138,     0.872
  139,     0.876
  140,     0.873
  141,     0.864
  142,     0.847
  143,     0.826
  144,     0.809
  145,     0.826
  146,     0.847
  147,     0.839
  148,     0.820
  149,     0.798
  150,     0.779
  151,     0.766
  152,     0.752
  153,     0.738
  154,     0.718
  155,     0.705
  156,     0.689
  157,     0.662
  158,     0.627
  159,     0.735
  160,     0.679
  161,     0.843
  162,     0.953
  163,     0.844
  164,     0.739
  165,     0.656
  166,     0.620
  167,     0.616
  168,     0.587
  169,     0.545
  170,     0.518
  171,     0.508
  172,     0.487
  173,     0.463
  174,     0.433
  175,     0.389
  176,     0.350
  177,     0.312
  178,     0.280
  179,     0.343
  180,     0.301
  181,     0.254
  182,     0.212
  183,     0.169
  184,     0.132
  185,     0.103
  186,     0.161
  187,     0.124
  188,     0.094
  189,     0.067
  190,     0.043
  191,     0.027
  192,     0.016
  193,     0.010
  194,     0.004
  195,     0.002
  196,     0.001
  197,     0.000
  198,     0.000
  199,     0.000
  200,     0.000
  201,     0.000
  202,     0.000
  203,     0.000
  204,     0.000
  205,     0.000
  206,     0.050
  207,     0.019
  208,     0.006
  209,     0.002
  210,     0.001
  211,     0.000
  212,     0.000
  213,     0.000
  214,     0.000
  215,     0.000
  216,     0.004
  217,     0.004
  218,     0.001
  219,     0.000
  220,     0.000
  221,     0.000
  222,     0.000
  223,     0.000
  224,     0.000
  225,     0.000
  226,     0.000
  227,     0.000
  228,     0.003
  229,     0.001
  230,     0.000
  231,     0.000
  232,     0.000
  233,     0.000
  234,     0.000
  235,     0.000
  236,     0.000
  237,     0.021
  238,     0.052
  239,     0.027
  240,     0.011
  241,     0.004
  242,     0.055
  243,     0.032
  244,     0.017
  245,     0.010
  246,     0.105
  247,     0.062
  248,     0.063
  249,     0.050
  250,     0.052
  251,     0.037
  252,     0.021
  253,     0.012
  254,     0.008
  255,     0.141
  256,     0.142
  257,     0.111
  258,     0.068
  259,     0.042
  260,     0.030
  261,     0.022
  262,     0.014
  263,     0.010
  264,     0.007
  265,     0.005
  266,     0.003
  267,     0.002
  268,     0.001
  269,     0.001
  270,     0.003
  271,     0.002
  272,     0.001
  273,     0.001
  274,     0.005
  275,     0.004
  276,     0.091
  277,     0.398
  278,     0.425
  279,     0.395
  280,     0.370
  281,     0.312
  282,     0.320
  283,     0.334
  284,     0.311
  285,     0.635
  286,     0.575
  287,     0.517
  288,     0.472
  289,     0.404
  290,     0.560
  291,     0.665
  292,     0.673
  293,     0.702
  294,     0.756
  295,     0.949
  296,     0.951
  297,     0.976
  298,     0.987
  299,     0.986
  300,     0.983
  301,     0.982
  302,     0.982
  303,     0.980
  304,     0.975
  305,     0.983
  306,     0.980
  307,     0.973
  308,     0.969
  309,     0.977
  310,     0.941
  311,     0.930
  312,     0.976
  313,     0.990
  314,     0.997
  315,     0.998
  316,     0.997
  317,     0.997
  318,     0.997
  319,     0.998
  320,     0.998
  321,     0.998
  322,     0.998
  323,     0.998
  324,     0.992
  325,     0.993
  326,     0.994
  327,     0.996
  328,     0.996
  329,     0.996
  330,     0.997
  331,     0.997
  332,     0.997
  333,     0.997
  334,     0.997
  335,     0.997
  336,     0.998
  337,     0.998
  338,     0.998
  339,     0.998
  340,     0.969
  341,     0.959
  342,     0.970
  343,     0.972
  344,     0.972
  345,     0.972
  346,     0.979
  347,     0.984
  348,     0.985
  349,     0.989
  350,     0.991
  351,     0.991
  352,     0.993
  353,     0.994
  354,     0.993
  355,     0.991
  356,     0.992
  357,     0.994
  358,     0.997
  359,     0.996
  360,     0.996
  361,     0.996
  362,     0.996
  363,     0.996
  364,     0.996
  365,     0.998
  366,     0.998
    1,     0.998
    2,     0.998
    3,     0.998
    4,     0.998
    5,     0.998
    6,     0.998
    7,     0.997
    8,     0.975
    9,     0.983
   10,     0.999
   11,     1.000
   12,     1.000
   13,     1.000
   14,     1.000
   15,     1.000
   16,     0.987
   17,     0.987
   18,     0.978
   19,     0.904
   20,     0.906
   21,     0.909
   22,     0.908
   23,     0.908
   24,     0.916
   25,     0.920
   26,     0.928
   27,     0.928
   28,     0.933
   29,     0.958
   30,     0.961
   31,     0.960
   32,     0.963
   33,     0.962
   34,     0.962
   35,     0.970
   36,     0.968
   37,     0.969
   38,     0.973
   39,     0.975
   40,     0.975
   41,     0.977
   42,     0.976
   43,     0.978
   44,     0.984
   45,     0.984
   46,     0.983
   47,     0.982
   48,     0.991
   49,     0.992
   50,     0.992
   51,     0.995
   52,     0.995
   53,     0.996
   54,     0.953
   55,     0.953
   56,     0.959
   57,     0.972
   58,     0.973
   59,     0.979
   60,     0.978
   61,     0.985
   62,     0.987
   63,     0.998
   64,     0.998
   65,     0.997
   66,     0.998
   67,     0.998
   68,     0.999
   69,     0.997
   70,     0.990
   71,     0.990
   72,     0.992
   73,     0.992
   74,     0.992
   75,     0.992
   76,     0.994
   77,     0.996
   78,     0.997
   79,     0.996
   80,     0.996
   81,     0.998
   82,     0.998
   83,     0.999
   84,     0.999
   85,     0.998
   86,     0.996
   87,     0.995
   88,     0.993
   89,     0.992
   90,     0.991
   91,     0.989
   92,     0.988
   93,     0.987
   94,     0.988
   95,     0.990
   96,     0.990
   97,     0.994
   98,     0.997
   99,     0.998
  100,     0.997
  101,     0.995
  102,     1.000
  103,     0.999
  104,     1.000
  105,     1.000
  106,     1.000
  107,     1.000
  108,     1.000
  109,     1.000
  110,     0.999
  111,     0.999
  112,     0.999
  113,     0.999
  114,     0.999
  115,     0.998
  116,     0.997
  117,     0.993
  118,     0.979
  119,     0.979
  120,     0.997
  121,     0.999
  122,     0.997
  123,     0.993
  124,     0.988
  125,     0.980
  126,     0.970
  127,     0.960
  128,     0.954
  129,     0.943
  130,     0.932
  131,     0.920
  132,     0.899
  133,     0.873
  134,     0.861
  135,     0.853
  136,     0.832
  137,     0.819
  138,     0.790
  139,     0.752
  140,     0.758
  141,     0.721
  142,     0.684
  143,     0.703
  144,     0.910
  145,     0.994
  146,     0.965
  147,     0.903
  148,     0.827
  149,     0.770
  150,     0.706
  151,     0.709
  152,     0.707
  153,     0.667
  154,     0.668
  155,     0.664
  156,     0.618
  157,     0.580
  158,     0.537
  159,     0.506
  160,     0.493
  161,     0.491
  162,     0.467
  163,     0.460
  164,     0.436
  165,     0.422
  166,     0.410
  167,     0.380
  168,     0.345
  169,     0.302
  170,     0.266
  171,     0.223
  172,     0.227
  173,     0.242
  174,     0.202
  175,     0.171
  176,     0.145
  177,     0.126
  178,     0.105
  179,     0.080
  180,     0.048
  181,     0.024
  182,     0.013
  183,     0.009
  184,     0.006
  185,     0.004
  186,     0.003
  187,     0.002
  188,     0.001
  189,     0.001
  190,     0.000
  191,     0.000
  192,     0.000
  193,     0.002
  194,     0.001
  195,     0.001
  196,     0.034
  197,     0.030
  198,     0.013
  199,     0.004
  200,     0.002
  201,     0.001
  202,     0.000
  203,     0.000
  204,     0.000
  205,     0.000
  206,     0.000
  207,     0.000
  208,     0.000
  209,     0.000
  210,     0.001
  211,     0.022
  212,     0.009
  213,     0.003
  214,     0.001
  215,     0.000
  216,     0.000
  217,     0.000
  218,     0.000
  219,     0.000
  220,     0.000
  221,     0.000
  222,     0.000
  223,     0.000
  224,     0.000
  225,     0.000
  226,     0.000
  227,     0.000
  228,     0.000
  229,     0.000
  230,     0.000
  231,     0.000
  232,     0.000
  233,     0.000
  234,     0.000
  235,     0.000
  236,     0.000
  237,     0.000
  238,     0.000
  239,     0.000
  240,     0.000
  241,     0.000
  242,     0.000
  243,     0.000
  244,     0.000
  245,     0.000
  246,     0.000
  247,     0.000
  248,     0.000
  249,     0.000
  250,     0.000
  251,     0.000
  252,     0.000
  253,     0.000
  254,     0.000
  255,     0.000
  256,     0.000
  257,     0.000
  258,     0.000
  259,     0.000
  260,     0.001
  261,     0.099
  262,     0.218
  263,     0.153
  264,     0.094
  265,     0.062
  266,     0.083
  267,     0.144
  268,     0.335
  269,     0.310
  270,     0.262
  271,     0.238
  272,     0.436
  273,     0.541
  274,     0.714
  275,     0.698
  276,     0.757
  277,     0.717
  278,     0.696
  279,     0.643
  280,     0.561
  281,     0.553
  282,     0.739
  283,     0.727
  284,     0.740
  285,     0.736
  286,     0.736
  287,     0.728
  288,     0.716
  289,     0.794
  290,     0.792
  291,     0.789
  292,     0.771
  293,     0.749
  294,     0.725
  295,     0.690
  296,     0.659
  297,     0.625
  298,     0.593
  299,     0.571
  300,     0.800
  301,     0.935
  302,     0.929
  303,     0.912
  304,     0.922
  305,     0.928
  306,     0.939
  307,     0.998
  308,     0.998
  309,     0.998
  310,     0.998
  311,     0.998
  312,     0.998
  313,     0.999
  314,     0.999
  315,     0.999
  316,     0.999
  317,     0.975
  318,     0.980
  319,     0.982
  320,     0.990
  321,     0.995
  322,     0.982
  323,     0.998
  324,     1.000
  325,     1.000
  326,     0.993
  327,     0.993
  328,     0.994
  329,     0.994
  330,     0.994
  331,     0.994
  332,     0.994
  333,     0.994
  334,     0.994
  335,     0.994
  336,     0.995
  337,     1.000
  338,     1.000
  339,     1.000
  340,     1.000
  341,     1.000
  342,     1.000
  343,     1.000
  344,     1.000
  345,     0.299
  346,     0.466
  347,     0.497
  348,     0.552
  349,     0.542
  350,     0.680
  351,     0.671
  352,     0.809
  353,     0.892
  354,     0.885
  355,     0.915
  356,     0.928
  357,     0.934
  358,     0.946
  359,     0.942
  360,     0.940
  361,     0.939
  362,     0.984
  363,     0.985
  364,     0.987
  365,     0.987
