           YEAR,            DAY,         PREACC,        EVAPACC,         ROFACC,        ROFOACC,        ROFSACC,        ROFBACC,        DSTGACC,            PRE,           EVAP,            ROF,           ROFO,           ROFS,           ROFB,          SNCAN,           RCAN,            SNO,           WSNO,           PNDW,          LQWS1,          FRWS1,          ALWS1,          LQWS2,          FRWS2,          ALWS2,          LQWS3,          FRWS3,          ALWS3,           LQWS,           FRWS,           ALWS,            LZS,            DZS,            STG,           DSTG,
           2002,             31,   79.68616    ,   3.968013    ,  0.1983497    ,  0.1237694    ,  0.5523863E-01,  0.1934147E-01,   34.17297    ,   79.68616    ,   3.968013    ,  0.1983497    ,  0.1237694    ,  0.5523863E-01,  0.1934147E-01,   2.326349    ,  0.2480129E-02,   32.44873    ,  0.7863733E-04,  0.3152956E-03,   4.271935    ,   29.46157    ,   33.73350    ,   33.44268    ,   12.29097    ,   45.73369    ,   619.7515    ,  0.1459362    ,   619.8975    ,   657.4661    ,   41.89848    ,   699.3647    ,  0.6697717    ,   0.000000    ,   734.8123    ,   34.17297    ,
           2002,             59,   129.6685    ,   10.62175    ,  0.2808368    ,  0.1237720    ,  0.1003476    ,  0.5671706E-01,   62.60345    ,   49.98261    ,   6.653737    ,  0.8248729E-01,  0.2712178E-05,  0.4510893E-01,  0.3737560E-01,   1.156768    ,  0.6441773E-02,   93.51824    ,  0.4073704E-02,  0.7530581E-05,   4.083678    ,   30.29498    ,   34.37831    ,   30.53721    ,   21.82260    ,   52.35973    ,   611.1331    ,   1.120970    ,   612.2507    ,   645.7540    ,   53.23854    ,   698.9887    ,   1.042725    ,   0.000000    ,   794.7214    ,   59.90918    ,
           2002,             90,   199.9505    ,   22.93339    ,   1.086695    ,  0.1263208    ,  0.8638707    ,  0.9650324E-01,   93.99048    ,   70.28248    ,   12.31161    ,  0.8058587    ,  0.2549138E-02,  0.7635231    ,  0.3978623E-01,  0.8453938    ,  0.1118509E-01,   152.6997    ,  0.3270727E-01,  0.3356426E-01,   4.095497    ,   30.31597    ,   34.41153    ,   29.99113    ,   25.03919    ,   55.03033    ,   607.2233    ,   3.082680    ,   610.3054    ,   641.3099    ,   58.43784    ,   699.7473    ,   1.023654    ,   0.000000    ,   854.3611    ,   59.63971    ,
           2002,            120,   244.0735    ,   34.40576    ,   9.070441    ,  0.4948813    ,   8.436564    ,  0.1389913    ,   118.4370    ,   44.12288    ,   11.47234    ,   7.983746    ,  0.3685607    ,   7.572697    ,  0.4248820E-01,  0.1365112    ,  0.1483384E-01,   181.4760    ,  0.3077357    ,  0.1882622    ,   4.954021    ,   30.86518    ,   35.81928    ,   34.89121    ,   24.43583    ,   59.32710    ,   609.7322    ,   4.521251    ,   614.2556    ,   649.5775    ,   59.82227    ,   709.4020    ,   1.083248    ,   0.000000    ,   892.4183    ,   38.05719    ,
           2002,            151,   305.7557    ,   47.47568    ,   58.36741    ,   3.906250    ,   54.13865    ,  0.3224774    ,   135.5325    ,   61.68282    ,   13.06991    ,   49.29694    ,   3.411369    ,   45.70210    ,  0.1834858    ,  0.1712286    ,  0.2220298E-01,   156.8930    ,  0.2423758    ,   10.10646    ,   8.119404    ,   29.27979    ,   37.39925    ,   40.06694    ,   26.10319    ,   66.17008    ,   634.3820    ,   4.900792    ,   639.2828    ,   682.5684    ,   60.28377    ,   742.8521    ,   2.158587    ,   0.000000    ,   902.3389    ,   9.920532    ,
           2002,            181,   362.9708    ,   81.83580    ,   207.6617    ,   13.13951    ,   192.2346    ,   2.287678    ,   134.9699    ,   57.21510    ,   34.36014    ,   149.2942    ,   9.233257    ,   138.0958    ,   1.965199    ,  0.4086850E-01,  0.3500530E-01,   51.47544    ,  0.1209596    ,   7.837331    ,   22.13679    ,   9.482629    ,   31.61944    ,   48.38501    ,   13.53650    ,   61.92153    ,   675.4479    ,   4.866467    ,   680.3142    ,   745.9697    ,   27.88560    ,   773.8552    ,   7.245665    ,   0.000000    ,   832.7741    ,  -69.56476    ,
           2002,            212,   399.3875    ,   135.7441    ,   234.0785    ,   27.86129    ,   197.0165    ,   9.200912    ,   123.4639    ,   36.41532    ,   53.90821    ,   26.41701    ,   14.72180    ,   4.781978    ,   6.913220    ,  0.1174198E-01,  0.2585983E-01,  0.2111854    ,  0.3395631E-02,  0.6892863    ,   19.80728    ,  0.6567454E-02,   19.81386    ,   47.43976    ,  0.1531172    ,   47.59285    ,   672.3497    ,   2.283352    ,   674.6337    ,   739.5967    ,   2.443037    ,   742.0404    ,   14.62511    ,   0.000000    ,   756.9167    ,  -75.85742    ,
           2002,            243,   460.0754    ,   181.5152    ,   257.7999    ,   37.53399    ,   204.3700    ,   15.89599    ,   114.0953    ,   60.68702    ,   45.77115    ,   23.72138    ,   9.672681    ,   7.353625    ,   6.695077    ,  0.3924740E-01,  0.4177392E-01,  0.8730354    ,  0.1628816E-01,  0.2916956    ,   22.28888    ,  0.2615904E-02,   22.29149    ,   49.91685    ,   0.000000    ,   49.91685    ,   662.8782    ,  0.1089718    ,   662.9881    ,   735.0839    ,  0.1115877    ,   735.1965    ,   14.50543    ,   0.000000    ,   750.6718    ,  -6.244873    ,
           2002,            273,   543.3920    ,   207.9868    ,   280.9095    ,   41.71097    ,   216.7725    ,   22.42588    ,   108.1166    ,   83.31996    ,   26.47193    ,   23.10954    ,   4.177017    ,   12.40258    ,   6.529922    ,  0.1194253    ,  0.4414819E-01,   1.680936    ,  0.1148072E-01,  0.9198859E-01,   23.95929    ,  0.6223326    ,   24.58161    ,   51.85980    ,  0.2720976E-03,   51.86010    ,   667.4099    ,   0.000000    ,   667.4099    ,   743.2289    ,  0.6226047    ,   743.8516    ,   14.58918    ,   0.000000    ,   760.2957    ,   9.623840    ,
           2002,            304,   568.6412    ,   213.0303    ,   296.4610    ,   41.71891    ,   225.9586    ,   28.78432    ,   105.5867    ,   25.24592    ,   5.043220    ,   15.55201    ,  0.7993479E-02,   9.185633    ,   6.358388    ,  0.2276482    ,  0.1484600E-01,   25.19587    ,  0.2554380E-01,  0.5716130E-02,   17.57846    ,   14.71291    ,   32.29135    ,   46.38868    ,   1.327656    ,   47.71628    ,   664.2315    ,   0.000000    ,   664.2315    ,   728.1986    ,   16.04057    ,   744.2391    ,   14.22141    ,   0.000000    ,   783.9244    ,   23.62872    ,
           2002,            334,   599.5139    ,   214.9539    ,   305.3449    ,   41.71929    ,   230.0014    ,   33.62522    ,   104.9875    ,   30.87099    ,   1.923577    ,   8.883906    ,  0.3778666E-03,   4.042606    ,   4.840918    ,  0.5229909    ,  0.1241886E-01,   47.13412    ,  0.6539696E-02,  0.5590040E-02,   4.193832    ,   33.45674    ,   37.65064    ,   35.83254    ,   21.49579    ,   57.32833    ,   644.2015    ,  0.9771878E-05,   644.2015    ,   684.2279    ,   54.95254    ,   739.1805    ,   12.68030    ,   0.000000    ,   799.5358    ,   15.61139    ,
           2002,            365,   631.5969    ,   216.0840    ,   310.9012    ,   41.71929    ,   232.0957    ,   37.08669    ,   105.6017    ,   32.08561    ,   1.130078    ,   5.555794    ,  0.1570624E-05,   2.094296    ,   3.461498    ,  0.8178477    ,  0.2293760E-02,   68.11413    ,  0.1455844E-03,  0.4927892E-05,   3.954472    ,   33.83724    ,   37.79258    ,   22.88146    ,   45.70269    ,   68.58403    ,   626.9174    ,  0.7555537E-01,   626.9932    ,   653.7533    ,   79.61549    ,   733.3699    ,   10.59062    ,   0.000000    ,   812.8955    ,   13.35974    ,
           2003,             31,   676.6685    ,   219.1337    ,   313.2416    ,   41.71929    ,   232.0957    ,   39.42690    ,   108.8355    ,   45.07158    ,   3.049467    ,   2.340172    ,  0.3808395E-06,   0.000000    ,   2.340172    ,   1.163370    ,  0.3743927E-02,   105.3969    ,  0.4317344E-04,  0.2685104E-04,   3.954462    ,   33.83724    ,   37.79261    ,   9.345877    ,   60.53027    ,   69.87630    ,   622.9196    ,   1.642543    ,   624.5631    ,   636.2200    ,   96.01006    ,   732.2320    ,   8.755470    ,   0.000000    ,   847.5503    ,   34.65479    ,
           2003,             59,   711.7079    ,   224.7436    ,   314.7986    ,   41.71929    ,   232.0957    ,   40.98408    ,   113.6446    ,   35.03906    ,   5.609745    ,   1.557211    ,  0.4695608E-05,   0.000000    ,   1.557207    ,  0.6870135    ,  0.7714024E-02,   142.5445    ,  0.1607552E-03,  0.3730100E-04,   3.954448    ,   33.83731    ,   37.79261    ,   7.907557    ,   61.97002    ,   69.87683    ,   619.7843    ,   4.057297    ,   623.8412    ,   631.6463    ,   99.86463    ,   731.5107    ,   7.527025    ,   0.000000    ,   882.2781    ,   34.72778    ,
           2003,             90,   768.2872    ,   234.2551    ,   316.1259    ,   41.71929    ,   232.0957    ,   42.31093    ,   121.1658    ,   56.57865    ,   9.511826    ,   1.326841    ,  0.6822454E-05,   0.000000    ,   1.326835    ,  0.4748363    ,  0.1346198E-01,   185.8599    ,  0.4708438E-01,  0.3504124E-01,   3.954462    ,   33.83724    ,   37.79261    ,   7.889720    ,   61.98751    ,   69.87891    ,   614.1652    ,   9.895297    ,   624.0612    ,   626.0093    ,   105.7201    ,   731.7327    ,   6.599892    ,   0.000000    ,   924.7264    ,   42.44830    ,
           2003,            120,   859.4161    ,   245.6025    ,   318.8623    ,   43.18151    ,   232.2697    ,   43.41167    ,   129.9453    ,   91.12743    ,   11.34704    ,   2.737112    ,   1.462254    ,  0.1740623    ,   1.100796    ,  0.1585496    ,  0.2487406E-01,   210.2278    ,  0.4604583    ,   8.115438    ,   4.396007    ,   33.80050    ,   38.19620    ,   9.076056    ,   63.20882    ,   72.28521    ,   621.6898    ,   14.69382    ,   636.3838    ,   635.1619    ,   111.7031    ,   746.8652    ,   6.100861    ,   0.000000    ,   963.8367    ,   39.11035    ,
           2003,            151,   913.2513    ,   257.9925    ,   387.4685    ,   65.95504    ,   273.9792    ,   47.53465    ,   140.9907    ,   53.83625    ,   12.39005    ,   68.60603    ,   22.77357    ,   41.70949    ,   4.122984    ,  0.1219897    ,  0.2024753E-01,   187.1830    ,  0.4469885    ,   23.30230    ,   10.89086    ,   27.33402    ,   38.22486    ,   13.17856    ,   64.14989    ,   77.32835    ,   685.1284    ,   15.12427    ,   700.2534    ,   709.1979    ,   106.6082    ,   815.8066    ,   10.87257    ,   0.000000    ,   1014.451    ,   50.61395    ,
           2003,            181,   971.5388    ,   301.4384    ,   562.7787    ,   82.57147    ,   416.8686    ,   63.33833    ,   143.6366    ,   58.28775    ,   43.44563    ,   175.3102    ,   16.61642    ,   142.8900    ,   15.80385    ,  0.1493831E-01,  0.4745315E-01,   40.00664    ,  0.1324863    ,   10.11042    ,   25.16621    ,   5.029437    ,   30.19565    ,   38.28894    ,   27.22625    ,   65.51509    ,   717.8695    ,   13.44724    ,   731.3167    ,   781.3246    ,   45.70292    ,   827.0274    ,   22.52746    ,   0.000000    ,   889.7564    ,  -124.6943    ,
           2003,            212,   1012.283    ,   359.1715    ,   617.2819    ,   97.48794    ,   438.2002    ,   81.59242    ,   141.3690    ,   40.74155    ,   57.73290    ,   54.50242    ,   14.91656    ,   21.33206    ,   18.25394    ,  0.5041966E-02,  0.1939672E-01,  0.7441103    ,  0.4740974E-02,  0.6865122    ,   20.58559    ,  0.6550717E-01,   20.65111    ,   48.74744    ,   1.632268    ,   50.37975    ,   701.2296    ,   4.800692    ,   706.0292    ,   770.5626    ,   6.498466    ,   777.0601    ,   24.25272    ,   0.000000    ,   802.0860    ,  -87.67041    ,
           2003,            243,   1040.291    ,   398.0175    ,   644.2270    ,   110.5511    ,   440.3546    ,   93.32063    ,   137.1727    ,   28.01040    ,   38.84587    ,   26.94568    ,   13.06321    ,   2.154301    ,   11.72816    ,  0.2811811E-02,  0.2650878E-01,  0.1218831E-01,  0.7950877E-04,  0.1002965E-01,   18.26454    ,  0.2641964E-03,   18.26481    ,   45.29449    ,   0.000000    ,   45.29449    ,   676.3065    ,  0.2554386    ,   676.5623    ,   739.8655    ,  0.2557028    ,   740.1216    ,   19.51866    ,   0.000000    ,   759.6822    ,  -42.40381    ,
           2003,            273,   1097.426    ,   417.7984    ,   665.8082    ,   113.4300    ,   451.4025    ,   100.9739    ,   133.7554    ,   57.13995    ,   19.78100    ,   21.58086    ,   2.879077    ,   11.04855    ,   7.653240    ,  0.1326822    ,  0.3570022E-01,   4.836334    ,  0.3815337E-01,  0.5271967E-01,   23.82932    ,  0.6241495    ,   24.45344    ,   51.38582    ,  0.2854906E-02,   51.38861    ,   668.1088    ,   0.000000    ,   668.1088    ,   743.3240    ,  0.6270044    ,   743.9509    ,   16.07548    ,   0.000000    ,   765.0706    ,   5.388367    ,
           2003,            304,   1163.610    ,   429.4257    ,   687.8143    ,   113.5349    ,   465.8522    ,   108.4251    ,   131.0292    ,   66.18822    ,   11.62742    ,   22.00651    ,  0.1052393    ,   14.45009    ,   7.451188    ,  0.3155711    ,  0.3079532E-01,   11.35048    ,  0.2331244E-01,  0.1833585    ,   18.02639    ,   13.49462    ,   31.52105    ,   49.33140    ,  0.8271130    ,   50.15847    ,   666.6369    ,   0.000000    ,   666.6369    ,   733.9947    ,   14.32173    ,   748.3164    ,   15.53505    ,   0.000000    ,   775.5721    ,   10.50159    ,
           2003,            334,   1220.884    ,   433.1516    ,   706.8353    ,   113.5349    ,   478.3912    ,   114.9063    ,   130.0999    ,   57.27168    ,   3.725957    ,   19.02045    ,  0.7201851E-06,   12.53910    ,   6.481337    ,   1.308318    ,  0.3190078E-02,   48.96106    ,  0.4146064E-04,  0.1894410E-03,   6.128497    ,   31.71622    ,   37.84483    ,   39.34882    ,   19.56965    ,   58.91839    ,   648.3697    ,  0.2803128E-04,   648.3697    ,   693.8470    ,   51.28590    ,   745.1329    ,   14.72994    ,   0.000000    ,   810.1351    ,   34.56299    ,
           2003,            365,   1250.678    ,   435.2874    ,   711.0312    ,   113.5349    ,   478.4178    ,   119.0578    ,   130.8524    ,   29.79117    ,   2.136172    ,   4.195578    ,  0.2521835E-06,  0.4409372E-01,   4.151486    ,   1.269002    ,  0.8953046E-03,   98.82509    ,   0.000000    ,   0.000000    ,   4.031216    ,   34.24697    ,   38.27761    ,   25.04920    ,   41.83032    ,   66.87943    ,   631.5696    ,  0.5532596E-01,   631.6252    ,   660.6500    ,   76.13261    ,   736.7822    ,   11.65792    ,   0.000000    ,   848.5340    ,   38.39886    ,
           2004,             31,   1299.699    ,   438.1963    ,   713.7303    ,   113.5349    ,   478.4309    ,   121.7432    ,   132.5605    ,   49.02016    ,   2.908900    ,   2.699112    ,  0.2125811E-06,  0.1358078E-01,   2.685530    ,   1.269099    ,  0.2068429E-02,   126.9775    ,  0.7486286E-04,  0.3896458E-05,   3.954462    ,   34.32400    ,   38.27773    ,   12.96725    ,   56.31767    ,   69.28479    ,   626.3430    ,   1.773440    ,   628.1168    ,   643.2647    ,   92.41511    ,   735.6793    ,   9.407096    ,   0.000000    ,   873.3352    ,   24.80121    ,
           2004,             60,   1322.703    ,   443.0045    ,   715.5134    ,   113.5349    ,   478.4309    ,   123.5260    ,   135.3131    ,   23.00584    ,   4.808491    ,   1.782654    ,  0.1019651E-04,   0.000000    ,   1.782643    ,  0.4980828    ,  0.7815844E-02,   164.6841    ,  0.7044926E-02,  0.1280893E-03,   3.954453    ,   34.32400    ,   38.27773    ,   11.13005    ,   58.68171    ,   69.81177    ,   618.4755    ,   8.326842    ,   626.8033    ,   633.5600    ,   101.3326    ,   734.8928    ,   7.930451    ,   0.000000    ,   908.0202    ,   34.68500    ,
           2004,             91,   1363.487    ,   451.8829    ,   717.0979    ,   113.5454    ,   478.5651    ,   124.9674    ,   139.1426    ,   40.78045    ,   8.878650    ,   1.586632    ,  0.1057309E-01,  0.1344862    ,   1.441574    ,  0.3068613    ,  0.1084395E-01,   195.0056    ,  0.2853660E-01,  0.1456093    ,   3.954548    ,   34.32632    ,   38.28020    ,   10.44432    ,   59.54408    ,   69.98804    ,   608.5145    ,   18.25779    ,   626.7721    ,   622.9133    ,   112.1282    ,   735.0403    ,   6.892087    ,   0.000000    ,   937.2864    ,   29.26617    ,
           2004,            121,   1402.332    ,   459.2194    ,   725.7947    ,   114.7049    ,   484.8764    ,   126.1937    ,   143.2541    ,   38.84257    ,   7.336707    ,   8.696585    ,   1.159385    ,   6.310648    ,   1.226557    ,  0.1126325    ,  0.1088614E-01,   192.6237    ,  0.2315469    ,   4.246730    ,   4.147943    ,   34.61340    ,   38.76131    ,   13.89775    ,   61.17428    ,   75.07218    ,   620.6294    ,   22.58567    ,   643.2161    ,   638.6751    ,   118.3733    ,   757.0496    ,   6.445390    ,   0.000000    ,   956.4738    ,   19.18738    ,
           2004,            152,   1499.593    ,   474.6177    ,   772.3364    ,   118.4036    ,   525.3040    ,   128.6087    ,   148.1723    ,   97.26015    ,   15.39673    ,   46.54179    ,   3.698737    ,   40.42817    ,   2.414923    ,  0.1945328    ,  0.3151723E-01,   174.8173    ,  0.4024728    ,   17.11287    ,   8.718879    ,   29.43294    ,   38.15187    ,   18.69289    ,   57.79042    ,   76.48344    ,   661.6732    ,   23.39553    ,   685.0684    ,   689.0849    ,   110.6189    ,   799.7037    ,   8.655766    ,   0.000000    ,   983.8064    ,   27.33264    ,
           2004,            182,   1566.033    ,   502.9365    ,   942.7667    ,   126.8203    ,   670.9203    ,   145.0060    ,   151.6501    ,   66.43862    ,   28.31884    ,   170.4310    ,   8.416981    ,   145.6164    ,   16.39747    ,  0.4856390E-01,  0.3587601E-01,   88.62299    ,  0.2137662    ,   12.02825    ,   19.44261    ,   14.49169    ,   33.93430    ,   30.80474    ,   40.42060    ,   71.22537    ,   716.0507    ,   23.31434    ,   739.3647    ,   766.2981    ,   78.22663    ,   844.5244    ,   21.05382    ,   0.000000    ,   954.5002    ,  -29.30615    ,
           2004,            213,   1623.427    ,   558.9495    ,   1028.988    ,   137.9912    ,   715.0192    ,   175.9557    ,   151.0898    ,   57.39837    ,   56.01373    ,   86.21969    ,   11.17080    ,   44.09908    ,   30.94969    ,  0.1721417E-01,  0.4830898E-01,   2.377908    ,  0.1517115E-01,  0.9173100    ,   23.38610    ,  0.2133739    ,   23.59945    ,   50.79467    ,   3.402149    ,   54.19687    ,   711.0725    ,   12.86499    ,   723.9371    ,   785.2533    ,   16.48052    ,   801.7335    ,   31.11662    ,   0.000000    ,   835.3094    ,  -119.1909    ,
           2004,            244,   1739.075    ,   605.7899    ,   1084.164    ,   148.3395    ,   740.5801    ,   195.2227    ,   149.6351    ,   115.6509    ,   46.84019    ,   55.17674    ,   10.34853    ,   25.56106    ,   19.26712    ,  0.2089401E-01,  0.1136808    ,  0.4353537    ,  0.9530012E-02,  0.1656725    ,   24.53143    ,  0.1072034E-02,   24.53252    ,   53.64673    ,   0.000000    ,   53.64673    ,   700.7103    ,   1.350709    ,   702.0612    ,   778.8885    ,   1.351781    ,   780.2405    ,   25.04924    ,   0.000000    ,   805.8696    ,  -29.43976    ,
           2004,            274,   1800.804    ,   630.0760    ,   1130.245    ,   149.4164    ,   764.5891    ,   216.2182    ,   148.8406    ,   61.73602    ,   24.28620    ,   46.08037    ,   1.076952    ,   24.00795    ,   20.99552    ,  0.1242896    ,  0.3597275E-01,   4.287024    ,  0.2243349E-01,  0.5053309    ,   26.25846    ,   2.267932    ,   28.52640    ,   55.08710    ,  0.5675047E-01,   55.14389    ,   708.8689    ,  0.1119525    ,   708.9815    ,   790.2145    ,   2.436635    ,   792.6518    ,   26.78683    ,   0.000000    ,   823.9093    ,   18.03967    ,
           2004,            305,   1846.096    ,   639.7881    ,   1162.808    ,   149.4831    ,   782.6866    ,   230.6156    ,   147.7479    ,   45.29624    ,   9.710992    ,   32.56213    ,  0.6680824E-01,   18.09773    ,   14.39758    ,  0.3029512    ,  0.1916522E-01,   13.82762    ,  0.7184972E-02,  0.6055240E-01,   11.70928    ,   23.56906    ,   35.27829    ,   45.60821    ,   8.510074    ,   54.11827    ,   687.6755    ,  0.7667194E-01,   687.7521    ,   744.9930    ,   32.15581    ,   777.1487    ,   21.81304    ,   0.000000    ,   813.1190    ,  -10.79028    ,
           2004,            335,   1862.639    ,   641.3818    ,   1184.556    ,   149.4881    ,   796.2260    ,   238.8198    ,   146.6054    ,   16.53926    ,   1.593792    ,   21.74925    ,  0.5724377E-02,   13.53913    ,   8.204407    ,  0.3031941    ,  0.6432092E-02,   35.49754    ,  0.1393178E-02,  0.8927641E-03,   4.028071    ,   34.47366    ,   38.50109    ,   27.53144    ,   39.84892    ,   67.38037    ,   648.9764    ,  0.3726645    ,   649.3491    ,   680.5359    ,   74.69524    ,   755.2305    ,   16.72888    ,   0.000000    ,   807.7687    ,  -5.350342    ,
           2004,            366,   1904.238    ,   643.1780    ,   1189.684    ,   149.4910    ,   796.2490    ,   243.9195    ,   146.0311    ,   41.59218    ,   1.796525    ,   5.126907    ,  0.3388789E-02,  0.2363650E-01,   5.099878    ,   1.253491    ,  0.1097927E-02,   62.94099    ,  0.9818123E-05,  0.2309391E-05,   3.954465    ,   34.56619    ,   38.51992    ,   10.72452    ,   59.78798    ,   70.51247    ,   636.7963    ,   4.140580    ,   640.9380    ,   651.4753    ,   98.49475    ,   749.9704    ,   13.00448    ,   0.000000    ,   827.1719    ,   19.40320    ,
           2005,             31,   1934.450    ,   645.2609    ,   1193.003    ,   149.4926    ,   796.2490    ,   247.2373    ,   146.2878    ,   30.20426    ,   2.081711    ,   3.319730    ,  0.1890648E-02,   0.000000    ,   3.317842    ,  0.9094832    ,  0.5993371E-02,   96.17759    ,  0.2199782E-03,  0.2239813E-04,   3.954474    ,   34.56622    ,   38.52103    ,   8.056189    ,   62.49958    ,   70.55599    ,   619.9697    ,   19.32866    ,   639.2990    ,   631.9804    ,   116.3945    ,   748.3760    ,   10.48881    ,   0.000000    ,   855.9575    ,   28.78564    ,
           2005,             59,   1954.720    ,   647.8724    ,   1195.074    ,   149.4934    ,   796.2490    ,   249.3073    ,   147.0785    ,   20.27518    ,   2.611676    ,   2.071161    ,  0.1001498E-02,   0.000000    ,   2.070160    ,  0.3562890    ,  0.4198537E-02,   122.5186    ,  0.2716926E-03,  0.8151759E-03,   3.955210    ,   34.56585    ,   38.52229    ,   7.894515    ,   62.66198    ,   70.55652    ,   598.8991    ,   39.44253    ,   638.3395    ,   610.7488    ,   136.6704    ,   747.4183    ,   8.722239    ,   0.000000    ,   879.0204    ,   23.06293    ,
           2005,             90,   1991.539    ,   657.2095    ,   1196.740    ,   149.4954    ,   796.2490    ,   250.9720    ,   148.2776    ,   36.82090    ,   9.336266    ,   1.666380    ,  0.1980164E-02,   0.000000    ,   1.664400    ,  0.1461453    ,  0.1066940E-01,   139.0498    ,  0.2855259E-01,  0.8575708E-02,   3.955062    ,   34.59967    ,   38.55476    ,   7.884132    ,   62.67742    ,   70.55990    ,   578.1609    ,   59.49407    ,   637.6558    ,   590.0002    ,   156.7712    ,   746.7704    ,   7.428092    ,   0.000000    ,   893.4348    ,   14.41431    ,
           2005,            120,   2014.833    ,   666.4198    ,   1200.146    ,   150.7468    ,   797.1740    ,   252.1881    ,   149.7769    ,   23.29141    ,   9.210170    ,   3.395075    ,   1.251409    ,  0.9253509    ,   1.218315    ,  0.6377623E-01,  0.7750165E-02,   148.6811    ,  0.1078055    ,   3.331096    ,   4.586426    ,   34.08503    ,   38.67135    ,   8.898810    ,   63.33438    ,   72.23279    ,   573.4894    ,   70.23656    ,   643.7250    ,   586.9746    ,   167.6560    ,   754.6292    ,   6.454443    ,   0.000000    ,   909.9451    ,   16.51031    ,
           2005,            151,   2038.902    ,   684.4011    ,   1271.965    ,   154.4055    ,   863.7944    ,   253.7305    ,   150.6901    ,   24.06487    ,   17.98221    ,   71.82136    ,   3.658992    ,   66.62093    ,   1.541443    ,  0.3664457E-01,  0.1202402E-01,   78.14642    ,  0.2421097    ,   11.58473    ,   14.61960    ,   21.69860    ,   36.31819    ,   17.10083    ,   58.83788    ,   75.93870    ,   617.4142    ,   72.11906    ,   689.5326    ,   649.1347    ,   152.6555    ,   801.7895    ,   6.995189    ,   0.000000    ,   887.2223    ,  -22.72278    ,
           2005,            181,   2243.292    ,   718.6170    ,   1426.366    ,   164.8093    ,   990.7357    ,   270.7877    ,   150.9941    ,   204.3952    ,   34.21548    ,   154.4030    ,   10.40386    ,   126.9411    ,   17.05804    ,  0.1263177    ,  0.8896551E-01,   25.46170    ,  0.1397623    ,   5.843021    ,   27.49420    ,   2.910159    ,   30.40435    ,   45.87974    ,   20.66698    ,   66.54660    ,   654.0557    ,   68.14738    ,   722.2017    ,   727.4296    ,   91.72452    ,   819.1526    ,   19.41884    ,   0.000000    ,   864.3892    ,  -22.83313    ,
           2005,            212,   2313.434    ,   785.2613    ,   1489.866    ,   175.3567    ,   1021.575    ,   292.8990    ,   150.6695    ,   70.15477    ,   66.64421    ,   63.50036    ,   10.54766    ,   30.84137    ,   22.11132    ,  0.1599993E-01,  0.3943584E-01,   2.867939    ,  0.1160911E-01,   1.352800    ,   24.12914    ,  0.3530790    ,   24.48222    ,   51.76749    ,   2.060728    ,   53.82815    ,   679.4995    ,   51.52192    ,   731.0204    ,   755.3961    ,   53.93573    ,   809.3307    ,   25.57827    ,   0.000000    ,   837.8444    ,  -26.54474    ,
           2005,            243,   2394.972    ,   825.5760    ,   1531.446    ,   186.0045    ,   1037.184    ,   308.2235    ,   149.7849    ,   81.54212    ,   40.31544    ,   41.58174    ,   10.64808    ,   15.60768    ,   15.32599    ,  0.4567470E-01,  0.4480927E-01,   1.252105    ,  0.9907313E-02,  0.6635636E-01,   22.84395    ,  0.6255961E-01,   22.90651    ,   51.71366    ,  0.3948492E-04,   51.71370    ,   690.6535    ,   24.24016    ,   714.8937    ,   765.2111    ,   24.30276    ,   789.5139    ,   22.36385    ,   0.000000    ,   813.2302    ,  -24.61426    ,
           2005,            273,   2494.722    ,   845.3977    ,   1575.979    ,   187.9294    ,   1063.910    ,   324.1028    ,   149.4995    ,   99.75140    ,   19.82170    ,   44.53202    ,   1.924841    ,   26.72799    ,   15.87921    ,  0.1834068    ,  0.3705035E-01,   12.31156    ,  0.5638182E-01,  0.1905219    ,   23.16558    ,   7.792002    ,   30.95761    ,   53.50802    ,  0.3926288    ,   53.90059    ,   700.4178    ,   16.58198    ,   716.9992    ,   777.0914    ,   24.76661    ,   801.8574    ,   23.20519    ,   0.000000    ,   837.6517    ,   24.42157    ,
           2005,            304,   2535.946    ,   849.3417    ,   1619.394    ,   187.9588    ,   1092.425    ,   338.9730    ,   149.7782    ,   41.21476    ,   3.943796    ,   43.41432    ,  0.2940083E-01,   28.51472    ,   14.87019    ,  0.1351008    ,  0.1259096E-01,   42.37654    ,  0.2036246E-01,  0.2511553    ,   8.362756    ,   29.85145    ,   38.21422    ,   46.70650    ,   14.80532    ,   61.51183    ,   682.3525    ,   15.83689    ,   698.1892    ,   737.4217    ,   60.49365    ,   797.9153    ,   22.11711    ,   0.000000    ,   862.5779    ,   24.92621    ,
           2005,            334,   2562.362    ,   851.8699    ,   1631.928    ,   187.9593    ,   1096.701    ,   347.2329    ,   149.9174    ,   26.41375    ,   2.528441    ,   12.53191    ,  0.1072230E-02,   4.271176    ,   8.259659    ,  0.4819427    ,  0.6761089E-02,   64.52890    ,  0.2103593E-03,  0.2032324E-03,   4.228693    ,   34.80103    ,   39.02956    ,   21.07783    ,   51.04403    ,   72.12187    ,   647.7457    ,   16.59908    ,   664.3450    ,   673.0522    ,   102.4442    ,   775.4965    ,   16.76235    ,   0.000000    ,   857.2762    ,  -5.301697    ,
           2005,            365,   2582.641    ,   852.9841    ,   1637.090    ,   187.9648    ,   1096.715    ,   352.3717    ,   150.3633    ,   20.27832    ,   1.114748    ,   5.165582    ,  0.5305534E-02,  0.2145149E-01,   5.138828    ,  0.9338820    ,  0.1970127E-02,   85.99229    ,  0.1413398E-05,  0.4186525E-05,   3.954547    ,   35.11697    ,   39.07120    ,   9.031300    ,   63.87989    ,   72.90997    ,   630.4069    ,   29.63514    ,   660.0411    ,   643.3927    ,   128.6320    ,   772.0223    ,   13.01436    ,   0.000000    ,   871.9675    ,   14.69122    ,
           2006,             31,   2615.458    ,   855.5142    ,   1640.381    ,   187.9802    ,   1096.715    ,   355.6469    ,   151.2305    ,   32.81701    ,   2.530520    ,   3.290419    ,  0.1536472E-01,   0.000000    ,   3.275053    ,   1.009361    ,  0.3431865E-02,   110.8016    ,  0.2270412E-04,  0.1840551E-04,   3.954462    ,   35.11721    ,   39.07120    ,   8.052378    ,   64.88837    ,   72.93972    ,   606.3539    ,   52.18970    ,   658.5443    ,   618.3608    ,   152.1953    ,   770.5552    ,   10.39449    ,   0.000000    ,   892.7656    ,   20.79810    ,
           2006,             59,   2643.826    ,   859.7210    ,   1642.423    ,   187.9819    ,   1096.715    ,   357.6887    ,   152.3359    ,   28.36154    ,   4.205804    ,   2.043336    ,  0.1643765E-02,   0.000000    ,   2.041692    ,  0.5504146    ,  0.4586541E-02,   133.4921    ,  0.7508683E-05,  0.1169772E-04,   3.954448    ,   35.11721    ,   39.07123    ,   7.937700    ,   65.00285    ,   72.94000    ,   582.5446    ,   75.11348    ,   657.6581    ,   594.4368    ,   175.2335    ,   769.6693    ,   8.635527    ,   0.000000    ,   912.3519    ,   19.58636    ,
           2006,             90,   2664.287    ,   867.0645    ,   1644.042    ,   187.9838    ,   1096.715    ,   359.2964    ,   153.9473    ,   20.45360    ,   7.343424    ,   1.610411    ,  0.2604533E-02,   0.000000    ,   1.607809    ,  0.1134402    ,  0.8417213E-02,   157.1981    ,  0.3296815E-01,  0.2745177E-01,   3.954471    ,   35.11721    ,   39.07120    ,   7.889830    ,   65.05070    ,   72.94135    ,   558.5778    ,   98.50154    ,   657.0766    ,   570.4221    ,   198.6694    ,   769.0892    ,   7.275783    ,   0.000000    ,   933.7205    ,   21.36859    ,
           2006,            120,   2708.506    ,   876.2667    ,   1646.952    ,   189.0024    ,   1097.398    ,   360.4970    ,   155.7957    ,   44.21233    ,   9.202064    ,   2.903498    ,   1.018651    ,  0.6843974    ,   1.200449    ,  0.9723650E-01,  0.1662767E-01,   163.1416    ,  0.1409642    ,   2.049577    ,   4.199310    ,   34.85711    ,   39.05633    ,   8.123932    ,   65.93429    ,   74.05800    ,   559.6799    ,   108.8646    ,   668.5446    ,   572.0031    ,   209.6561    ,   781.6589    ,   6.374263    ,   0.000000    ,   951.4294    ,   17.70892    ,
           2006,            151,   2759.702    ,   892.2328    ,   1751.324    ,   202.4478    ,   1186.593    ,   362.2296    ,   157.3853    ,   51.19401    ,   15.96578    ,   104.3723    ,   13.44561    ,   89.19370    ,   1.732992    ,  0.8780107E-01,  0.2721430E-01,   112.5002    ,  0.2353408    ,   15.38319    ,   14.82723    ,   22.05003    ,   36.87722    ,   16.45130    ,   59.47427    ,   75.92556    ,   594.4932    ,   111.6773    ,   706.1710    ,   625.7717    ,   193.2016    ,   818.9737    ,   7.236574    ,   0.000000    ,   939.0601    ,  -12.36932    ,
           2006,            181,   2821.929    ,   944.9680    ,   1845.578    ,   212.5148    ,   1263.545    ,   369.4686    ,   157.3312    ,   62.22065    ,   52.73551    ,   94.25748    ,   10.06717    ,   76.95199    ,   7.238421    ,  0.1287464E-01,  0.4669683E-01,   14.82083    ,  0.5113248E-01,   3.201756    ,   24.35302    ,   2.634550    ,   26.98761    ,   43.83684    ,   16.39996    ,   60.23679    ,   634.7535    ,   103.5357    ,   738.2883    ,   702.9434    ,   122.5702    ,   825.5127    ,   14.29206    ,   0.000000    ,   854.7369    ,  -84.32324    ,
           2006,            212,   2871.958    ,   1005.626    ,   1874.512    ,   228.4917    ,   1265.726    ,   380.2536    ,   156.3873    ,   50.02670    ,   60.65745    ,   28.93958    ,   15.97680    ,   2.177857    ,   10.78490    ,  0.5459421E-02,  0.4494138E-01,  0.6641231E-02,  0.5112866E-04,  0.1649983    ,   19.06541    ,  0.1119123E-02,   19.06652    ,   45.99980    ,  0.7556703E-03,   46.00055    ,   656.5258    ,   67.09828    ,   723.6243    ,   721.5911    ,   67.10016    ,   788.6913    ,   18.03266    ,   0.000000    ,   806.7813    ,  -47.95557    ,
           2006,            243,   2917.342    ,   1045.568    ,   1899.168    ,   239.8311    ,   1269.515    ,   389.7804    ,   155.1061    ,   45.38568    ,   39.94341    ,   24.65378    ,   11.33950    ,   3.787279    ,   9.527011    ,  0.2354257E-01,  0.3948886E-01,  0.1439923    ,  0.3127895E-02,  0.1877390E-01,   19.86125    ,  0.1011334E-01,   19.87136    ,   47.29742    ,   0.000000    ,   47.29742    ,   667.2462    ,   34.63213    ,   701.8794    ,   734.4049    ,   34.64224    ,   769.0482    ,   17.38544    ,   0.000000    ,   786.6437    ,  -20.13763    ,
           2006,            273,   2966.752    ,   1063.363    ,   1925.136    ,   244.3946    ,   1282.565    ,   398.1400    ,   154.0178    ,   49.40937    ,   17.79372    ,   25.97101    ,   4.563921    ,   13.04689    ,   8.360195    ,  0.1245071    ,  0.1801486E-01,   8.707119    ,  0.9941950E-01,  0.7883183E-02,   22.46869    ,   1.312564    ,   23.78126    ,   50.19995    ,  0.6273018E-01,   50.26266    ,   670.7585    ,   22.43543    ,   693.1942    ,   743.4272    ,   23.81072    ,   767.2381    ,   16.68954    ,   0.000000    ,   792.8759    ,   6.232178    ,
           2006,            304,   2996.999    ,   1071.996    ,   1943.911    ,   244.8894    ,   1292.461    ,   406.5221    ,   152.9317    ,   30.23743    ,   8.631207    ,   18.77301    ,  0.4947494    ,   9.895937    ,   8.382312    ,  0.2480181    ,  0.1016208E-01,   8.994340    ,  0.4553458E-02,  0.2786968E-02,   10.54111    ,   22.38211    ,   32.92318    ,   40.16307    ,   15.50109    ,   55.66415    ,   658.3868    ,   20.90125    ,   679.2869    ,   709.0909    ,   58.78445    ,   767.8742    ,   16.44395    ,   0.000000    ,   793.5748    ,  0.6989746    ,
           2006,            334,   3054.047    ,   1075.828    ,   1949.459    ,   244.9063    ,   1292.890    ,   411.6317    ,   152.4943    ,   57.04533    ,   3.831454    ,   5.543366    ,  0.1748110E-01,  0.4160153    ,   5.109862    ,   1.095411    ,  0.9054396E-02,   50.67135    ,  0.4463157E-02,  0.3435604E-01,   4.390513    ,   30.88134    ,   35.27187    ,   19.80694    ,   47.53675    ,   67.34366    ,   635.7301    ,   23.56886    ,   659.2999    ,   659.9276    ,   101.9870    ,   761.9154    ,   13.13045    ,   0.000000    ,   826.8253    ,   33.25049    ,
           2006,            365,   3081.679    ,   1077.421    ,   1952.947    ,   244.9184    ,   1292.890    ,   415.0951    ,   152.5800    ,   27.62745    ,   1.591274    ,   3.492224    ,  0.1233059E-01,  0.1641094E-01,   3.463482    ,   1.115866    ,  0.1627631E-02,   84.90584    ,  0.1992238E-06,  0.6239035E-06,   3.956344    ,   31.52324    ,   35.47912    ,   11.73249    ,   57.23018    ,   68.96278    ,   617.6570    ,   38.51967    ,   656.1758    ,   633.3459    ,   127.2731    ,   760.6177    ,   10.65529    ,   0.000000    ,   857.2978    ,   30.47247    ,
           2007,             31,   3111.993    ,   1080.168    ,   1955.220    ,   244.9382    ,   1292.890    ,   417.3655    ,   153.1324    ,   30.32559    ,   2.744574    ,   2.289073    ,  0.1888476E-01,   0.000000    ,   2.270186    ,   1.024213    ,  0.2673847E-02,   115.8209    ,   0.000000    ,  0.3606591E-05,   3.954462    ,   31.52743    ,   35.48177    ,   9.125642    ,   60.41367    ,   69.53954    ,   592.2119    ,   62.58083    ,   654.7921    ,   605.2921    ,   154.5219    ,   759.8134    ,   8.646294    ,   0.000000    ,   885.3103    ,   28.01251    ,
           2007,             59,   3148.979    ,   1086.468    ,   1956.658    ,   244.9383    ,   1292.890    ,   418.8016    ,   153.9337    ,   36.99208    ,   6.299291    ,   1.436687    ,  0.3640552E-03,   0.000000    ,   1.436322    ,  0.6343897    ,  0.8522178E-02,   140.0100    ,  0.1539548E-02,  0.5378355E-04,   3.954448    ,   31.52744    ,   35.48177    ,   8.313921    ,   61.31651    ,   69.63098    ,   569.1169    ,   85.13284    ,   654.2489    ,   581.3853    ,   177.9768    ,   759.3616    ,   7.246931    ,   0.000000    ,   907.2645    ,   21.95422    ,
           2007,             90,   3216.592    ,   1097.495    ,   1957.884    ,   244.9447    ,   1292.918    ,   419.9793    ,   155.3934    ,   67.62168    ,   11.02553    ,   1.216980    ,  0.6799555E-02,  0.3248366E-01,   1.177695    ,  0.2622984    ,  0.1573706E-01,   177.9789    ,  0.4278769E-01,  0.8020032E-01,   3.955324    ,   31.62337    ,   35.57918    ,   8.206329    ,   61.47976    ,   69.68573    ,   554.2553    ,   100.9890    ,   655.2454    ,   566.4170    ,   194.0921    ,   760.5103    ,   6.235152    ,   0.000000    ,   945.0440    ,   37.77948    ,
           2007,            120,   3262.999    ,   1108.026    ,   1959.365    ,   245.3391    ,   1293.117    ,   420.9050    ,   157.3754    ,   46.41943    ,   10.53052    ,   1.514722    ,  0.3944185    ,  0.1922813    ,  0.9280226    ,  0.1465628    ,  0.1603898E-01,   206.7000    ,  0.1710925    ,   1.519535    ,   4.050358    ,   32.01619    ,   36.06668    ,   8.925421    ,   61.50870    ,   70.43419    ,   556.8404    ,   108.1224    ,   664.9631    ,   569.8162    ,   201.6473    ,   771.4641    ,   5.607468    ,   0.000000    ,   984.1045    ,   39.06049    ,
           2007,            151,   3321.625    ,   1121.225    ,   1996.497    ,   248.6989    ,   1325.190    ,   422.6009    ,   159.7498    ,   58.62225    ,   13.20027    ,   37.12835    ,   3.360214    ,   32.07233    ,   1.695767    ,  0.9611738E-01,  0.2076266E-01,   178.8903    ,  0.2557910    ,   11.30481    ,   8.996284    ,   28.83671    ,   37.83292    ,   15.05820    ,   60.97782    ,   76.03611    ,   600.1298    ,   109.7393    ,   709.8702    ,   624.1843    ,   199.5539    ,   823.7393    ,   6.842927    ,   0.000000    ,   1009.845    ,   25.74042    ,
           2007,            181,   3415.644    ,   1158.148    ,   2154.400    ,   260.4904    ,   1456.359    ,   437.5463    ,   161.0482    ,   94.04060    ,   36.92320    ,   157.9044    ,   11.79196    ,   131.1673    ,   14.94506    ,  0.6681892E-01,  0.4251900E-01,   50.71082    ,  0.1940023    ,   11.59550    ,   22.70638    ,   9.575355    ,   32.28176    ,   33.18649    ,   36.41320    ,   69.59963    ,   666.5316    ,   108.0758    ,   774.6081    ,   722.4244    ,   154.0644    ,   876.4894    ,   19.37149    ,   0.000000    ,   946.8754    ,  -62.96948    ,
           2007,            212,   3445.120    ,   1214.926    ,   2223.534    ,   275.0475    ,   1484.823    ,   463.6627    ,   160.9752    ,   29.47813    ,   56.77687    ,   69.13770    ,   14.55748    ,   28.46374    ,   26.11646    ,  0.1207975E-02,  0.2184980E-01,   2.759600    ,  0.8093171E-02,   1.160875    ,   20.49742    ,  0.4577591    ,   20.95515    ,   47.05787    ,   3.331953    ,   50.38977    ,   669.1801    ,   86.49707    ,   755.6769    ,   736.7354    ,   90.28678    ,   827.0219    ,   27.22326    ,   0.000000    ,   857.0362    ,  -89.83923    ,
           2007,            243,   3519.818    ,   1260.134    ,   2264.322    ,   284.8155    ,   1496.386    ,   483.1161    ,   160.4866    ,   74.70540    ,   45.21005    ,   40.78637    ,   9.768115    ,   11.56459    ,   19.45360    ,  0.3729282E-01,  0.5019464E-01,  0.6888574    ,  0.5392919E-02,  0.1110330    ,   22.37528    ,  0.3696987E-01,   22.41225    ,   50.51680    ,  0.1727309E-03,   50.51698    ,   680.3336    ,   50.20325    ,   730.5374    ,   753.2256    ,   50.24039    ,   803.4666    ,   24.57874    ,   0.000000    ,   828.8276    ,  -28.20856    ,
           2007,            273,   3601.771    ,   1286.272    ,   2302.174    ,   288.2964    ,   1514.419    ,   499.4484    ,   160.0712    ,   81.94749    ,   26.13585    ,   37.84769    ,   3.481141    ,   18.03380    ,   16.33278    ,  0.1604652    ,  0.3206365E-01,   4.906184    ,  0.1855458E-01,  0.3950138E-01,   22.64870    ,   5.305638    ,   27.95434    ,   51.61768    ,  0.9458452E-01,   51.71230    ,   685.2249    ,   38.79778    ,   724.0227    ,   759.4913    ,   44.19800    ,   803.6893    ,   23.15637    ,   0.000000    ,   831.9628    ,   3.135132    ,
           2007,            304,   3639.810    ,   1292.199    ,   2331.293    ,   288.3218    ,   1531.134    ,   511.8286    ,   159.9304    ,   38.04203    ,   5.928303    ,   29.12230    ,  0.2548422E-01,   16.71649    ,   12.38033    ,  0.1816531    ,  0.1526008E-01,   29.56610    ,  0.1727846E-01,  0.3953382E-01,   11.40546    ,   24.83166    ,   36.23712    ,   45.26184    ,   12.39249    ,   57.65436    ,   670.0798    ,   37.00255    ,   707.0815    ,   726.7471    ,   74.22670    ,   800.9730    ,   20.00156    ,   0.000000    ,   850.7554    ,   18.79260    ,
           2007,            334,   3676.576    ,   1296.193    ,   2339.695    ,   288.3276    ,   1532.418    ,   518.9315    ,   159.9189    ,   36.76147    ,   3.994323    ,   8.394552    ,  0.6695160E-02,   1.284939    ,   7.102921    ,  0.6420843    ,  0.7358104E-02,   52.57416    ,  0.6926336E-03,  0.2025337E-03,   4.168660    ,   34.79679    ,   38.96508    ,   20.06065    ,   50.50767    ,   70.56821    ,   641.9791    ,   38.58438    ,   680.5636    ,   666.2084    ,   123.8888    ,   790.0969    ,   15.47854    ,   0.000000    ,   858.8018    ,   8.046448    ,
           2007,            365,   3709.772    ,   1297.380    ,   2344.120    ,   288.3279    ,   1532.423    ,   523.3486    ,   160.2226    ,   33.20496    ,   1.187036    ,   4.426136    ,  0.1915426E-02,  0.7213481E-02,   4.417012    ,   1.214557    ,  0.1166831E-02,   81.11835    ,  0.1212033E-03,  0.3509060E-05,   3.954462    ,   35.02255    ,   38.97670    ,   9.087176    ,   62.45827    ,   71.54571    ,   618.7672    ,   58.43920    ,   677.2075    ,   631.8088    ,   155.9200    ,   787.7299    ,   12.04675    ,   0.000000    ,   882.1100    ,   23.30817    ,
           2008,             31,   3738.350    ,   1299.724    ,   2346.845    ,   288.3325    ,   1532.423    ,   526.0775    ,   160.8286    ,   28.58947    ,   2.341811    ,   2.734486    ,  0.5850108E-02,   0.000000    ,   2.728635    ,   1.029500    ,  0.1739248E-02,   106.7254    ,   0.000000    ,  0.3260150E-05,   3.954462    ,   35.02255    ,   38.97670    ,   8.012198    ,   63.55988    ,   71.57178    ,   590.3876    ,   85.86446    ,   676.2520    ,   602.3542    ,   184.4469    ,   786.8004    ,   9.493883    ,   0.000000    ,   904.0516    ,   21.94165    ,
           2008,             60,   3762.523    ,   1304.213    ,   2348.577    ,   288.3372    ,   1532.423    ,   527.7968    ,   161.6742    ,   24.17935    ,   4.488840    ,   1.724777    ,  0.4824533E-02,   0.000000    ,   1.719953    ,  0.5476714    ,  0.5221004E-02,   132.2630    ,  0.7887964E-03,  0.2957116E-03,   3.954453    ,   35.02254    ,   38.97670    ,   7.903102    ,   63.66878    ,   71.57211    ,   562.4172    ,   113.2761    ,   675.6923    ,   574.2747    ,   211.9674    ,   786.2411    ,   7.802365    ,   0.000000    ,   926.8628    ,   22.81116    ,
           2008,             91,   3796.229    ,   1313.709    ,   2349.907    ,   288.3387    ,   1532.423    ,   529.1022    ,   162.7514    ,   33.70551    ,   9.496407    ,   1.308211    ,  0.2456259E-02,   0.000000    ,   1.305754    ,  0.1522140    ,  0.8823277E-02,   149.7556    ,  0.6646378E-02,  0.4506659E-02,   3.954636    ,   35.02233    ,   38.97670    ,   7.890203    ,   63.68193    ,   71.57209    ,   541.4105    ,   133.6848    ,   675.0958    ,   553.2554    ,   232.3891    ,   785.6446    ,   6.573476    ,   0.000000    ,   942.1420    ,   15.27924    ,
           2008,            121,   3831.793    ,   1324.066    ,   2351.033    ,   288.5359    ,   1532.427    ,   530.0371    ,   164.1096    ,   35.55504    ,   10.35761    ,   1.134999    ,  0.1973266    ,  0.4001033E-02,  0.9336720    ,  0.1492490    ,  0.1019731E-01,   174.8486    ,  0.6788704E-01,  0.4276002    ,   3.963738    ,   35.01350    ,   38.97803    ,   7.898232    ,   63.73770    ,   71.63562    ,   529.2310    ,   148.1471    ,   677.3764    ,   541.0930    ,   246.8983    ,   787.9901    ,   5.648412    ,   0.000000    ,   968.7150    ,   26.57300    ,
           2008,            152,   3900.740    ,   1334.227    ,   2384.845    ,   301.8562    ,   1551.950    ,   530.9999    ,   165.6810    ,   68.94520    ,   10.15841    ,   33.80848    ,   13.32036    ,   19.52265    ,  0.9654563    ,  0.1407150    ,  0.2604865E-01,   144.1256    ,  0.3411881    ,   17.11499    ,   7.664886    ,   30.92186    ,   38.58684    ,   11.55136    ,   64.46909    ,   76.02042    ,   565.9518    ,   152.6957    ,   718.6467    ,   585.1680    ,   248.0867    ,   833.2540    ,   5.573627    ,   0.000000    ,   983.4617    ,   14.74664    ,
           2008,            182,   3964.062    ,   1365.431    ,   2517.845    ,   312.2303    ,   1669.035    ,   536.5380    ,   166.8611    ,   63.31026    ,   31.20396    ,   132.9978    ,   10.37412    ,   117.0848    ,   5.538916    ,  0.7471232E-01,  0.3181837E-01,   58.32404    ,  0.1737549    ,   11.10426    ,   21.52524    ,   11.21468    ,   32.73989    ,   29.17440    ,   41.50135    ,   70.67570    ,   634.6315    ,   151.1485    ,   785.7806    ,   685.3312    ,   203.8645    ,   889.1962    ,   11.76401    ,   0.000000    ,   959.5638    ,  -23.89789    ,
           2008,            213,   4026.172    ,   1423.414    ,   2576.677    ,   323.8652    ,   1698.132    ,   554.6348    ,   166.9685    ,   62.09044    ,   57.98252    ,   58.83022    ,   11.63521    ,   29.09621    ,   18.09878    ,  0.2916824E-01,  0.4927687E-01,   3.043322    ,  0.1954394E-01,   1.595189    ,   22.16526    ,  0.3083060    ,   22.47356    ,   48.26355    ,   2.262071    ,   50.52560    ,   649.3558    ,   128.1941    ,   777.5500    ,   719.7846    ,   130.7645    ,   850.5491    ,   22.12455    ,   0.000000    ,   875.8138    ,  -83.74994    ,
           2008,            244,   4106.223    ,   1464.651    ,   2611.319    ,   334.5238    ,   1705.120    ,   571.6332    ,   166.7152    ,   80.05261    ,   41.23545    ,   34.64806    ,   10.65906    ,   6.989954    ,   16.99903    ,  0.5604881E-01,  0.4643018E-01,  0.5494212    ,  0.7309030E-02,  0.1726487    ,   20.87548    ,  0.3132601E-01,   20.90683    ,   48.22651    ,  0.1504181E-03,   48.22666    ,   658.4811    ,   96.30289    ,   754.7855    ,   727.5831    ,   96.33437    ,   823.9191    ,   22.83415    ,   0.000000    ,   847.4112    ,  -28.40265    ,
           2008,            274,   4160.206    ,   1488.079    ,   2654.436    ,   335.1117    ,   1729.047    ,   590.2345    ,   166.6993    ,   53.99272    ,   23.42674    ,   43.11673    ,  0.5884861    ,   23.92612    ,   18.60213    ,  0.8070970E-01,  0.2750965E-01,   5.429715    ,  0.2768105E-01,  0.1264051    ,   25.49250    ,   3.564230    ,   29.05676    ,   53.81578    ,  0.1988768    ,   54.01467    ,   671.1696    ,   81.99610    ,   753.1649    ,   750.4778    ,   85.75921    ,   836.2363    ,   24.66244    ,   0.000000    ,   866.4658    ,   19.05463    ,
           2008,            305,   4188.015    ,   1495.993    ,   2677.913    ,   335.1942    ,   1738.213    ,   604.4561    ,   166.5718    ,   27.83304    ,   7.913562    ,   23.47438    ,  0.8359686E-01,   9.168964    ,   14.22179    ,  0.1207792    ,  0.1164199E-01,   12.95299    ,  0.5655391E-02,  0.9863149E-02,   8.648959    ,   25.62819    ,   34.27719    ,   39.20791    ,   16.35906    ,   55.56704    ,   653.7048    ,   79.09488    ,   732.8004    ,   701.5617    ,   121.0821    ,   822.6447    ,   21.54621    ,   0.000000    ,   857.2811    ,  -9.184753    ,
           2008,            335,   4214.379    ,   1498.543    ,   2685.488    ,   335.1944    ,   1738.711    ,   611.5039    ,   166.5469    ,   26.38022    ,   2.548328    ,   7.571532    ,  0.1106973E-02,  0.5231038    ,   7.047319    ,  0.3222032    ,  0.1141720E-01,   32.96182    ,  0.6622899E-02,  0.2550165E-02,   3.963387    ,   32.41766    ,   36.38060    ,   15.48287    ,   54.34521    ,   69.82806    ,   627.5027    ,   81.82961    ,   709.3318    ,   646.9490    ,   168.5925    ,   815.5405    ,   15.47683    ,   0.000000    ,   864.3181    ,   7.037048    ,
           2008,            366,   4263.859    ,   1500.118    ,   2689.637    ,   335.1949    ,   1738.726    ,   615.6370    ,   166.8898    ,   49.50187    ,   1.576957    ,   4.152868    ,  0.7191818E-03,  0.1908721E-01,   4.133061    ,   1.475949    ,  0.8826126E-03,   68.80534    ,  0.1537534E-07,  0.1445353E-05,   3.954481    ,   32.43734    ,   36.39161    ,   8.266801    ,   61.85327    ,   70.11974    ,   604.1296    ,   103.4653    ,   707.5945    ,   616.3508    ,   197.7559    ,   814.1058    ,   11.68353    ,   0.000000    ,   896.0719    ,   31.75378    ,
           2009,             31,   4287.950    ,   1502.138    ,   2692.190    ,   335.1978    ,   1738.726    ,   618.1774    ,   167.5871    ,   24.10021    ,   2.019744    ,   2.543689    ,  0.3390307E-02,   0.000000    ,   2.540299    ,  0.8030487    ,  0.3079588E-02,   102.0558    ,  0.1556690E-06,  0.7187036E-05,   3.954462    ,   32.43749    ,   36.39161    ,   7.885421    ,   62.24060    ,   70.12533    ,   571.4146    ,   135.4176    ,   706.8318    ,   583.2545    ,   230.0957    ,   813.3488    ,   9.179547    ,   0.000000    ,   925.3947    ,   29.32281    ,
           2009,             59,   4320.300    ,   1506.045    ,   2693.741    ,   335.1984    ,   1738.726    ,   619.7204    ,   168.3758    ,   32.36831    ,   3.907464    ,   1.545024    ,  0.1364583E-02,   0.000000    ,   1.543658    ,  0.3495031    ,  0.7673646E-02,   120.3325    ,  0.1933983E-04,  0.1505747E-04,   3.954465    ,   32.43742    ,   36.39178    ,   7.883883    ,   62.24204    ,   70.12533    ,   542.2736    ,   164.1769    ,   706.4487    ,   554.1120    ,   258.8564    ,   812.9658    ,   7.532988    ,   0.000000    ,   941.1907    ,   15.79596    ,
           2009,             90,   4359.165    ,   1514.827    ,   2694.914    ,   335.1984    ,   1738.726    ,   620.9167    ,   169.6317    ,   38.87564    ,   8.781460    ,   1.194916    ,  0.6199830E-04,   0.000000    ,   1.194855    ,  0.2935394    ,  0.8480540E-02,   156.9255    ,  0.1115904E-01,  0.6462236E-02,   3.954462    ,   32.43760    ,   36.39171    ,   7.883874    ,   62.24206    ,   70.12533    ,   519.3573    ,   186.8827    ,   706.2381    ,   531.1956    ,   281.5624    ,   812.7551    ,   6.298262    ,   0.000000    ,   976.2952    ,   35.10449    ,
           2009,            120,   4400.010    ,   1527.266    ,   2696.170    ,   335.5209    ,   1738.743    ,   621.7734    ,   171.0875    ,   40.85200    ,   12.44121    ,   1.198021    ,  0.3224891    ,  0.1652747E-01,  0.8590040    ,  0.1767822    ,  0.1342539E-01,   173.4696    ,  0.1088382    ,  0.9476668    ,   3.993129    ,   33.42934    ,   37.42248    ,   8.169898    ,   62.52808    ,   70.69850    ,   513.5596    ,   200.0539    ,   713.6130    ,   525.7226    ,   296.0114    ,   821.7340    ,   5.427503    ,   0.000000    ,   1000.929    ,   24.63428    ,
           2009,            151,   4428.439    ,   1537.179    ,   2709.206    ,   338.5833    ,   1747.745    ,   622.7224    ,   172.7472    ,   28.41281    ,   9.911932    ,   13.02255    ,   3.062688    ,   9.003927    ,  0.9559265    ,  0.3229558E-01,  0.1236648E-01,   157.8884    ,  0.2429080    ,   7.827208    ,   5.533791    ,   32.71353    ,   38.24721    ,   9.922663    ,   64.20796    ,   74.13050    ,   536.5352    ,   204.1749    ,   740.7111    ,   551.9917    ,   301.0964    ,   853.0888    ,   5.522986    ,   0.000000    ,   1016.788    ,   15.85846    ,
           2009,            181,   4473.366    ,   1576.910    ,   2839.202    ,   350.0636    ,   1862.534    ,   626.4473    ,   173.5129    ,   44.93277    ,   39.73125    ,   129.9924    ,   11.48040    ,   114.7870    ,   3.724872    ,  0.2365528E-01,  0.3795021E-01,   31.73757    ,  0.9493911E-01,   7.853368    ,   23.03262    ,   7.804693    ,   30.83731    ,   33.99870    ,   33.36549    ,   67.36414    ,   601.4327    ,   201.3167    ,   802.7491    ,   658.4641    ,   242.4869    ,   900.9506    ,   10.14268    ,   0.000000    ,   942.9885    ,  -73.79938    ,
           2009,            212,   4549.510    ,   1639.031    ,   2871.503    ,   364.3593    ,   1871.812    ,   635.1686    ,   173.7446    ,   76.19557    ,   62.12009    ,   32.29702    ,   14.29569    ,   9.277781    ,   8.723510    ,  0.2547431E-02,  0.5705462E-01,  0.3528692    ,  0.1622074E-02,  0.5972834    ,   22.08431    ,  0.7810724E-01,   22.16240    ,   49.10547    ,  0.4668368    ,   49.57228    ,   632.2710    ,   174.3768    ,   806.6467    ,   703.4608    ,   174.9218    ,   878.3813    ,   15.91375    ,   0.000000    ,   894.7099    ,  -48.27863    ,
           2009,            243,   4603.010    ,   1687.081    ,   2909.575    ,   376.6527    ,   1879.279    ,   653.4880    ,   173.8820    ,   53.53706    ,   48.04696    ,   38.07660    ,   12.29378    ,   7.464295    ,   18.31847    ,  0.2093382E-01,  0.4515162E-01,  0.3830838    ,  0.5097878E-02,  0.1893369    ,   22.07973    ,  0.5748807E-02,   22.08549    ,   50.02997    ,   0.000000    ,   50.02997    ,   659.8000    ,   130.6810    ,   790.4807    ,   731.9097    ,   130.6867    ,   862.5961    ,   23.86672    ,   0.000000    ,   886.9168    ,  -7.793091    ,
           2009,            273,   4624.217    ,   1708.753    ,   2937.663    ,   383.6482    ,   1882.671    ,   671.1989    ,   173.7184    ,   21.24597    ,   21.67204    ,   28.09486    ,   6.995848    ,   3.387405    ,   17.71159    ,  0.1819518E-01,  0.2039639E-01,  0.2988632    ,  0.1640123E-02,  0.1373461E-01,   19.01131    ,   1.022976    ,   20.03429    ,   47.13849    ,  0.5167857E-02,   47.14366    ,   660.4521    ,   107.7175    ,   768.1689    ,   726.6019    ,   108.7456    ,   835.3469    ,   24.12921    ,   0.000000    ,   859.8156    ,  -27.10120    ,
           2009,            304,   4670.239    ,   1716.607    ,   2956.566    ,   383.7805    ,   1890.179    ,   682.4594    ,   173.5337    ,   45.99911    ,   7.854452    ,   18.89921    ,  0.1321437    ,   7.506696    ,   11.26039    ,  0.2980768    ,  0.2141497E-01,   13.82666    ,  0.1490280E-01,  0.2298713E-01,   6.113550    ,   23.02583    ,   29.13939    ,   37.23738    ,   17.74364    ,   54.98110    ,   638.4979    ,   101.4035    ,   739.9009    ,   681.8488    ,   142.1729    ,   824.0214    ,   18.93172    ,   0.000000    ,   857.1144    ,  -2.701172    ,
           2009,            334,   4710.726    ,   1721.706    ,   2962.371    ,   383.7812    ,   1890.386    ,   687.9991    ,   173.5868    ,   40.47640    ,   5.100382    ,   5.794236    ,  0.1148732E-02,  0.2533373    ,   5.539751    ,  0.8096402    ,  0.5842973E-02,   43.14722    ,  0.4716793E-03,  0.2916967E-03,   4.576622    ,   26.48503    ,   31.06163    ,   19.43161    ,   48.10966    ,   67.54108    ,   620.1213    ,   103.1337    ,   723.2556    ,   644.1296    ,   177.7284    ,   821.8583    ,   13.60713    ,   0.000000    ,   879.4297    ,   22.31531    ,
           2009,            365,   4735.085    ,   1723.503    ,   2965.683    ,   383.7814    ,   1890.386    ,   691.3006    ,   173.8144    ,   24.37019    ,   1.794096    ,   3.318605    ,  0.1723341E-02,  0.1539075E-01,   3.301489    ,  0.9700078    ,  0.2372528E-02,   64.06435    ,  0.3705417E-04,  0.5459717E-05,   3.962326    ,   27.24963    ,   31.21272    ,   10.54578    ,   58.60007    ,   69.14564    ,   597.5084    ,   122.9215    ,   720.4301    ,   612.0165    ,   208.7712    ,   820.7884    ,   10.39389    ,   0.000000    ,   896.2170    ,   16.78729    ,
           2010,             31,   4763.024    ,   1726.807    ,   2967.816    ,   383.7839    ,   1890.386    ,   693.4103    ,   174.2504    ,   27.96966    ,   3.301575    ,   2.114355    ,  0.4735523E-02,   0.000000    ,   2.109619    ,  0.6827369    ,  0.6841161E-02,   87.18340    ,  0.2017967E-04,  0.9522061E-05,   3.954462    ,   27.25938    ,   31.21456    ,   8.507450    ,   60.89930    ,   69.40626    ,   572.0098    ,   147.5897    ,   719.5989    ,   584.4717    ,   235.7484    ,   820.2197    ,   8.337596    ,   0.000000    ,   916.4310    ,   20.21393    ,
           2010,             59,   4780.871    ,   1731.045    ,   2969.150    ,   383.7839    ,   1890.386    ,   694.7623    ,   174.8052    ,   17.85982    ,   4.239846    ,   1.352444    ,  0.1038836E-04,   0.000000    ,   1.352434    ,  0.2398341    ,  0.9607880E-02,   107.5392    ,  0.2081644E-02,  0.8342821E-03,   3.954448    ,   27.25996    ,   31.21453    ,   8.183882    ,   61.22598    ,   69.40931    ,   554.5530    ,   164.6488    ,   719.2048    ,   566.6914    ,   253.1347    ,   819.8287    ,   7.033953    ,   0.000000    ,   934.6497    ,   18.21875    ,
           2010,             90,   4804.772    ,   1737.287    ,   2970.272    ,   383.7839    ,   1890.386    ,   695.8933    ,   175.5670    ,   23.91445    ,   6.242593    ,   1.128779    ,  0.1629253E-03,   0.000000    ,   1.128617    ,  0.1101321    ,  0.7984648E-02,   122.6211    ,  0.6922376E-02,  0.4295551E-01,   3.954746    ,   27.26585    ,   31.22022    ,   7.938898    ,   61.46813    ,   69.40672    ,   541.6339    ,   178.3521    ,   719.9865    ,   553.5275    ,   267.0861    ,   820.6134    ,   6.103647    ,   0.000000    ,   949.4647    ,   14.81500    ,
           2010,            120,   4841.851    ,   1747.189    ,   2977.758    ,   384.6883    ,   1896.060    ,   696.7896    ,   176.3751    ,   37.09430    ,   9.900461    ,   7.474186    ,  0.9050351    ,   5.671751    ,  0.8973984    ,  0.1164622    ,  0.1348101E-01,   117.5787    ,  0.7202385E-01,   2.180237    ,   5.029234    ,   29.04920    ,   34.07846    ,   10.16102    ,   61.87833    ,   72.03899    ,   538.5944    ,   189.5111    ,   728.1058    ,   553.7846    ,   280.4386    ,   834.2233    ,   5.519141    ,   0.000000    ,   957.5234    ,   8.058716    ,
           2010,            151,   4874.458    ,   1761.339    ,   3014.985    ,   388.3087    ,   1928.297    ,   698.1549    ,   177.2115    ,   32.60201    ,   14.15064    ,   37.23040    ,   3.620653    ,   32.24340    ,   1.366289    ,  0.8605663E-01,  0.1684898E-01,   76.75592    ,  0.1759447    ,   7.942794    ,   10.58920    ,   26.06077    ,   36.65004    ,   13.87203    ,   62.52752    ,   76.39950    ,   570.5516    ,   193.2118    ,   763.7646    ,   595.0128    ,   281.8001    ,   876.8141    ,   6.345836    ,   0.000000    ,   960.1935    ,   2.670044    ,
           2010,            181,   4924.764    ,   1804.964    ,   3103.914    ,   394.7859    ,   2006.715    ,   702.1913    ,   177.5162    ,   50.29302    ,   43.62376    ,   88.93087    ,   6.477599    ,   78.41788    ,   4.035399    ,  0.3414358E-01,  0.3993416E-01,   13.91163    ,  0.9320611E-01,   3.288728    ,   23.87289    ,   4.659362    ,   28.53225    ,   36.54392    ,   29.22448    ,   65.76838    ,   599.0640    ,   192.0105    ,   791.0748    ,   659.4808    ,   225.8943    ,   885.3754    ,   10.13009    ,   0.000000    ,   909.5842    ,  -50.60925    ,
           2010,            212,   4964.736    ,   1854.388    ,   3125.328    ,   408.4641    ,   2009.056    ,   707.5757    ,   177.3852    ,   40.00467    ,   49.42212    ,   21.40621    ,   13.67840    ,   2.341982    ,   5.385828    ,  0.6233326E-02,  0.3414713E-01,  0.8134419E-01,  0.1725769E-02,  0.4458548    ,   19.63279    ,  0.2812203E-01,   19.66092    ,   45.91753    ,  0.1483869    ,   46.06595    ,   616.0188    ,   170.8059    ,   786.8239    ,   681.5692    ,   170.9824    ,   852.5507    ,   11.91646    ,   0.000000    ,   864.5899    ,  -44.99432    ,
           2010,            243,   5022.684    ,   1899.422    ,   3148.111    ,   419.3085    ,   2012.458    ,   716.1141    ,   177.1636    ,   57.97234    ,   45.03425    ,   22.78245    ,   10.84438    ,   3.400229    ,   8.537826    ,  0.2445233E-01,  0.6453906E-01,  0.3093973    ,  0.5308304E-02,  0.4807113E-01,   20.65542    ,  0.1977042E-01,   20.67519    ,   47.20618    ,  0.4794517E-06,   47.20618    ,   637.7040    ,   133.8442    ,   771.5476    ,   705.5656    ,   133.8640    ,   839.4290    ,   15.86411    ,   0.000000    ,   855.6982    ,  -8.891724    ,
           2010,            273,   5107.967    ,   1922.090    ,   3181.133    ,   421.1421    ,   2030.809    ,   728.9513    ,   177.1100    ,   85.30201    ,   22.66765    ,   33.02455    ,   1.833732    ,   18.35330    ,   12.83751    ,  0.1467944    ,  0.4943240E-01,   6.530557    ,  0.4178975E-01,  0.1765245    ,   25.21202    ,   1.154938    ,   26.36692    ,   52.56416    ,  0.1003404    ,   52.66449    ,   646.3055    ,   119.2299    ,   765.5367    ,   724.0817    ,   120.4852    ,   844.5682    ,   20.06538    ,   0.000000    ,   871.4019    ,   15.70374    ,
           2010,            304,   5122.769    ,   1932.999    ,   3206.473    ,   422.5379    ,   2039.579    ,   744.1172    ,   177.0167    ,   14.80747    ,   10.90576    ,   25.34126    ,   1.395895    ,   8.779005    ,   15.16637    ,  0.7011086E-01,  0.1003702E-01,   4.607776    ,  0.3539612E-02,  0.1205690    ,   13.16896    ,   19.25197    ,   32.42093    ,   42.98438    ,   8.289126    ,   51.27357    ,   642.8019    ,   116.9834    ,   759.7856    ,   698.9553    ,   144.5245    ,   843.4801    ,   22.03542    ,   0.000000    ,   870.2055    ,  -1.196411    ,
           2010,            334,   5160.163    ,   1936.973    ,   3213.789    ,   422.5380    ,   2039.973    ,   751.0051    ,   177.0052    ,   37.39721    ,   3.970195    ,   7.308589    ,  0.6103672E-03,  0.4199022    ,   6.888070    ,  0.8914568    ,  0.7492414E-02,   23.98352    ,  0.1114780E-02,  0.9501406E-03,   4.145823    ,   31.46355    ,   35.60901    ,   20.94521    ,   46.35877    ,   67.30390    ,   616.0859    ,   118.0528    ,   734.1378    ,   641.1769    ,   195.8751    ,   837.0507    ,   15.28722    ,   0.000000    ,   877.2237    ,   7.018188    ,
           2010,            365,   5182.095    ,   1938.780    ,   3217.574    ,   422.5380    ,   2039.973    ,   754.7944    ,   177.1955    ,   21.94948    ,   1.808386    ,   3.789571    ,  0.2916980E-03,   0.000000    ,   3.789278    ,  0.8298545    ,  0.2349050E-02,   49.95756    ,  0.1315245E-05,  0.4497178E-06,   3.954462    ,   31.72546    ,   35.67965    ,   9.070490    ,   60.22598    ,   69.29626    ,   592.3023    ,   138.8400    ,   731.1407    ,   605.3273    ,   230.7915    ,   836.1166    ,   11.20660    ,   0.000000    ,   898.1136    ,   20.88995    ,
           2011,             31,   5237.250    ,   1942.959    ,   3219.932    ,   422.5387    ,   2039.973    ,   757.1527    ,   177.6819    ,   55.12420    ,   4.180838    ,   2.360192    ,  0.1328797E-02,   0.000000    ,   2.358862    ,   1.270723    ,  0.3369346E-02,   82.36968    ,  0.3501006E-04,  0.9228293E-06,   3.954485    ,   31.72543    ,   35.67965    ,   7.925247    ,   61.37096    ,   69.29683    ,   565.4570    ,   165.0584    ,   730.5154    ,   577.3367    ,   258.1548    ,   835.4919    ,   8.855236    ,   0.000000    ,   927.9906    ,   29.87695    ,
           2011,             59,   5282.845    ,   1949.656    ,   3221.421    ,   422.5412    ,   2039.973    ,   758.6329    ,   178.4479    ,   45.57300    ,   6.691247    ,   1.482159    ,  0.3060558E-02,   0.000000    ,   1.479098    ,  0.9281043    ,  0.4637589E-02,   126.7058    ,  0.7795411E-05,  0.4986734E-05,   3.954519    ,   31.72529    ,   35.67965    ,   7.884530    ,   61.41307    ,   69.29683    ,   543.4482    ,   186.6467    ,   730.0939    ,   555.2873    ,   279.7851    ,   835.0704    ,   7.379084    ,   0.000000    ,   970.0900    ,   42.09943    ,
           2011,             90,   5333.616    ,   1961.724    ,   3222.592    ,   422.5412    ,   2039.973    ,   759.8182    ,   179.6243    ,   50.75397    ,   12.06173    ,   1.186026    ,  0.3528163E-03,   0.000000    ,   1.185673    ,  0.4268960    ,  0.1456341E-01,   163.8065    ,  0.6293907E-01,  0.7100500E-02,   3.954508    ,   31.72519    ,   35.67961    ,   7.884070    ,   61.41344    ,   69.29683    ,   521.8084    ,   207.9377    ,   729.7460    ,   533.6470    ,   301.0763    ,   834.7224    ,   6.272843    ,   0.000000    ,   1005.305    ,   35.21515    ,
           2011,            120,   5391.835    ,   1975.325    ,   3223.523    ,   422.5472    ,   2039.973    ,   760.6814    ,   181.1088    ,   58.20312    ,   13.60100    ,  0.8715711    ,  0.6101399E-02,   0.000000    ,  0.8654697    ,  0.2628787    ,  0.1497709E-01,   206.9324    ,  0.1199045    ,  0.2587817    ,   3.959650    ,   31.73308    ,   35.69224    ,   7.906291    ,   61.39008    ,   69.29683    ,   513.7527    ,   217.5644    ,   731.3177    ,   525.6187    ,   310.6875    ,   836.3068    ,   5.442003    ,   0.000000    ,   1049.079    ,   43.77344    ,
           2011,            151,   5445.693    ,   1984.596    ,   3254.777    ,   427.7799    ,   2064.215    ,   762.4545    ,   182.6890    ,   53.86566    ,   9.269662    ,   31.24560    ,   5.232721    ,   24.23975    ,   1.773118    ,  0.6511320E-01,  0.2412592E-01,   169.0321    ,  0.4636365    ,   16.15224    ,   8.230642    ,   29.52486    ,   37.75550    ,   11.60884    ,   63.04952    ,   74.65826    ,   545.7798    ,   220.4161    ,   766.1957    ,   565.6193    ,   312.9905    ,   878.6095    ,   6.550765    ,   0.000000    ,   1054.745    ,   5.666626    ,
           2011,            181,   5508.294    ,   2012.873    ,   3409.287    ,   441.7333    ,   2189.203    ,   778.0274    ,   183.7531    ,   62.59013    ,   28.27365    ,   154.5141    ,   13.95307    ,   124.9881    ,   15.57305    ,  0.3420307E-01,  0.4615240E-01,   46.21169    ,  0.1725824    ,   12.54989    ,   22.47459    ,   10.45376    ,   32.92842    ,   28.53489    ,   43.01826    ,   71.55312    ,   616.8315    ,   219.2990    ,   836.1305    ,   667.8410    ,   272.7710    ,   940.6120    ,   18.81360    ,   0.000000    ,   1005.890    ,  -48.85559    ,
           2011,            212,   5579.426    ,   2072.911    ,   3464.618    ,   451.6405    ,   2216.407    ,   796.2437    ,   184.1600    ,   71.13334    ,   60.03698    ,   55.33101    ,   9.907486    ,   27.20778    ,   18.21573    ,  0.1099198E-01,  0.5068205E-01,   1.956081    ,  0.8946524E-02,   1.114785    ,   23.01886    ,  0.3652882    ,   23.38415    ,   48.84103    ,   3.882640    ,   52.72374    ,   625.6095    ,   203.4381    ,   829.0461    ,   697.4694    ,   207.6861    ,   905.1541    ,   23.13713    ,   0.000000    ,   930.3181    ,  -75.57159    ,
           2011,            243,   5616.848    ,   2111.498    ,   3502.674    ,   464.3033    ,   2219.032    ,   819.0144    ,   184.2914    ,   37.45798    ,   38.58812    ,   38.05100    ,   12.66396    ,   2.615713    ,   22.77132    ,  0.1241150E-01,  0.3037441E-01,  0.1983998    ,  0.1227162E-02,  0.1342836    ,   19.31766    ,  0.1480605E-01,   19.33249    ,   46.78990    ,  0.2561573E-06,   46.78990    ,   635.7769    ,   171.8343    ,   807.6111    ,   701.8845    ,   171.8491    ,   873.7335    ,   26.72861    ,   0.000000    ,   900.7047    ,  -29.61340    ,
           2011,            273,   5643.744    ,   2135.574    ,   3530.862    ,   470.7873    ,   2223.609    ,   836.1397    ,   184.2802    ,   26.92433    ,   24.07281    ,   28.18855    ,   6.484684    ,   4.577833    ,   17.12604    ,  0.5099195E-01,  0.1830516E-01,   1.644707    ,  0.1455890E-01,  0.1507282E-01,   20.34818    ,  0.7365614    ,   21.08477    ,   47.88367    ,  0.6517619E-01,   47.94884    ,   637.7271    ,   150.5560    ,   788.2843    ,   705.9590    ,   151.3577    ,   857.3179    ,   23.64778    ,   0.000000    ,   882.6937    ,  -18.01099    ,
           2011,            304,   5684.566    ,   2143.340    ,   3552.229    ,   471.3188    ,   2233.128    ,   847.4523    ,   184.2438    ,   40.80538    ,   7.766781    ,   21.36593    ,  0.5330659    ,   9.520593    ,   11.31226    ,  0.1181386    ,  0.2243930E-01,   9.052901    ,  0.6597565E-02,  0.1580309E-01,   12.11582    ,   19.36803    ,   31.48384    ,   41.19118    ,   8.630763    ,   49.82191    ,   629.4852    ,   145.2628    ,   774.7480    ,   682.7922    ,   173.2616    ,   856.0538    ,   18.96924    ,   0.000000    ,   884.2234    ,   1.529785    ,
           2011,            334,   5741.967    ,   2149.018    ,   3558.063    ,   471.3250    ,   2233.298    ,   853.0773    ,   184.3934    ,   57.39390    ,   5.681296    ,   5.834707    ,  0.9090513E-02,  0.2006339    ,   5.624977    ,   1.110928    ,  0.5277309E-02,   33.49897    ,  0.7120548E-03,  0.1661185E-03,   3.955953    ,   30.65334    ,   34.60967    ,   17.32907    ,   51.30425    ,   68.63332    ,   602.7682    ,   147.1942    ,   749.9634    ,   624.0532    ,   229.1518    ,   853.2064    ,   13.70105    ,   0.000000    ,   901.5195    ,   17.29608    ,
           2011,            365,   5782.953    ,   2152.942    ,   3561.356    ,   471.3510    ,   2233.298    ,   856.3450    ,   184.8427    ,   40.97765    ,   3.920515    ,   3.294216    ,  0.2615708E-01,   0.000000    ,   3.268056    ,   1.250814    ,  0.1279214E-02,   75.76787    ,   0.000000    ,  0.9097425E-05,   3.954462    ,   30.66273    ,   34.61705    ,   9.310037    ,   59.99174    ,   69.30186    ,   582.1237    ,   166.2691    ,   748.3913    ,   595.3882    ,   256.9236    ,   852.3102    ,   10.35070    ,   0.000000    ,   939.6819    ,   38.16241    ,
           2012,             31,   5825.910    ,   2158.043    ,   3563.497    ,   471.3656    ,   2233.298    ,   858.4669    ,   185.5588    ,   42.94028    ,   5.102220    ,   2.141772    ,  0.1972998E-01,   0.000000    ,   2.122046    ,   1.316436    ,  0.2057831E-02,   108.4306    ,  0.4236522E-04,  0.3510088E-04,   3.954495    ,   30.66288    ,   34.61711    ,   8.218573    ,   61.10768    ,   69.32552    ,   559.8146    ,   187.9328    ,   747.7479    ,   571.9877    ,   279.7033    ,   851.6906    ,   8.366048    ,   0.000000    ,   969.8064    ,   30.12445    ,
           2012,             60,   5862.805    ,   2164.121    ,   3564.899    ,   471.3663    ,   2233.298    ,   859.8854    ,   186.3469    ,   36.90840    ,   6.082458    ,   1.420097    ,  0.2214255E-02,   0.000000    ,   1.417882    ,  0.6466206    ,  0.8463306E-02,   127.9476    ,  0.1338239E-03,  0.1520928E-03,   3.954453    ,   30.66363    ,   34.61750    ,   7.946217    ,   61.38750    ,   69.33395    ,   537.5521    ,   209.7916    ,   747.3425    ,   549.4528    ,   301.8427    ,   851.2940    ,   7.075057    ,   0.000000    ,   986.9746    ,   17.16821    ,
           2012,             91,   5935.458    ,   2177.705    ,   3566.042    ,   471.3687    ,   2233.298    ,   861.0244    ,   187.5759    ,   72.66617    ,   13.58607    ,   1.144044    ,  0.7149435E-02,   0.000000    ,   1.136896    ,  0.5879296    ,  0.1354856E-01,   175.7333    ,  0.2754250E-01,  0.2811913E-01,   3.955381    ,   30.66167    ,   34.61697    ,   7.911753    ,   61.42644    ,   69.33759    ,   520.1881    ,   227.0165    ,   747.2007    ,   532.0552    ,   319.1046    ,   851.1553    ,   6.120899    ,   0.000000    ,   1033.642    ,   46.66736    ,
           2012,            121,   5977.336    ,   2187.112    ,   3569.575    ,   472.4518    ,   2234.794    ,   861.9707    ,   189.0365    ,   41.90985    ,   9.404744    ,   3.524757    ,   1.083263    ,   1.497026    ,  0.9444664    ,  0.1030208    ,  0.1935927E-01,   202.1632    ,  0.2408463    ,   3.209775    ,   4.626260    ,   31.35605    ,   35.98230    ,   9.018995    ,   61.81576    ,   70.83514    ,   522.5408    ,   234.7687    ,   757.3102    ,   536.1860    ,   327.9405    ,   864.1276    ,   5.630620    ,   0.000000    ,   1072.283    ,   38.64062    ,
           2012,            152,   5999.094    ,   2198.328    ,   3607.704    ,   474.7891    ,   2267.653    ,   864.9022    ,   190.5283    ,   21.75735    ,   11.21406    ,   38.12831    ,   2.337533    ,   32.85902    ,   2.931737    ,  0.4459604E-01,  0.1091473E-01,   145.7856    ,  0.2184415    ,   9.248425    ,   10.29809    ,   27.40896    ,   37.70706    ,   14.52742    ,   62.43918    ,   76.96664    ,   566.7567    ,   236.0783    ,   802.8342    ,   591.5822    ,   325.9264    ,   917.5078    ,   8.591131    ,   0.000000    ,   1072.159    , -0.1239014    ,
           2012,            182,   6158.540    ,   2226.607    ,   3795.498    ,   499.8602    ,   2398.593    ,   896.6783    ,   191.6910    ,   159.4449    ,   28.27961    ,   187.7926    ,   25.07147    ,   130.9470    ,   31.77417    ,  0.8362123E-01,  0.5568310E-01,   57.73928    ,  0.4026355    ,   21.03788    ,   21.63681    ,   12.23145    ,   33.86824    ,   30.48831    ,   41.06893    ,   71.55714    ,   614.1204    ,   234.4028    ,   848.5242    ,   666.2455    ,   287.7031    ,   953.9496    ,   27.82706    ,   0.000000    ,   1040.057    ,  -32.10193    ,
           2012,            213,   6201.265    ,   2282.911    ,   3872.700    ,   512.0851    ,   2423.555    ,   936.6894    ,   192.1698    ,   42.76209    ,   56.30283    ,   77.19875    ,   12.22550    ,   24.96318    ,   40.01002    ,  0.4676963E-02,  0.4202801E-01,   1.575103    ,  0.6808739E-02,   1.034365    ,   22.08949    ,  0.3206868    ,   22.41016    ,   47.36127    ,   4.784350    ,   52.14560    ,   625.9975    ,   215.5737    ,   841.5709    ,   695.4482    ,   220.6787    ,   916.1267    ,   34.29333    ,   0.000000    ,   952.0486    ,  -88.00812    ,
           2012,            244,   6227.845    ,   2317.397    ,   3913.418    ,   524.6891    ,   2425.571    ,   962.7976    ,   192.2448    ,   26.58278    ,   34.48380    ,   40.73198    ,   12.60434    ,   2.018374    ,   26.10925    ,  0.6045607E-02,  0.3029022E-01,  0.1214233    ,  0.9998668E-03,  0.1615738    ,   18.51982    ,  0.6812558E-02,   18.52663    ,   45.37532    ,   0.000000    ,   45.37532    ,   634.3513    ,   174.6224    ,   808.9736    ,   698.2465    ,   174.6292    ,   872.8755    ,   28.32701    ,   0.000000    ,   901.3612    ,  -50.68744    ,
           2012,            274,   6259.567    ,   2341.310    ,   3939.021    ,   530.5565    ,   2429.522    ,   978.5950    ,   192.1366    ,   31.72830    ,   23.91253    ,   25.61180    ,   5.867613    ,   3.947850    ,   15.79629    ,  0.2285695E-01,  0.2139163E-01,  0.6355665    ,  0.3010775E-02,  0.9833807E-02,   20.01130    ,  0.4906194    ,   20.50193    ,   46.98972    ,  0.7450985E-01,   47.06419    ,   632.7686    ,   155.9389    ,   788.7086    ,   699.7696    ,   156.5041    ,   856.2748    ,   22.57667    ,   0.000000    ,   879.5343    ,  -21.82690    ,
           2012,            305,   6325.104    ,   2353.120    ,   3956.058    ,   530.9639    ,   2434.805    ,   989.9467    ,   192.1324    ,   65.53321    ,   11.81121    ,   17.04409    ,  0.4092879    ,   5.281300    ,   11.35347    ,  0.4129975    ,  0.2218317E-01,   15.77841    ,  0.1532294E-01,  0.9274436E-02,   13.33742    ,   17.13713    ,   30.47454    ,   42.55215    ,   4.972246    ,   47.52444    ,   628.1469    ,   149.7512    ,   777.8987    ,   684.0365    ,   171.8605    ,   855.8976    ,   18.85784    ,   0.000000    ,   890.9844    ,   11.45013    ,
           2012,            335,   6377.290    ,   2357.933    ,   3964.807    ,   530.9642    ,   2437.690    ,   995.8362    ,   192.4116    ,   52.20337    ,   4.814735    ,   8.758004    ,  0.1248779E-02,   2.866691    ,   5.890074    ,  0.7703183    ,  0.1065000E-01,   60.77098    ,  0.1669182E-01,  0.1699354E-02,   7.166393    ,   26.10216    ,   33.26857    ,   34.01136    ,   28.37878    ,   62.39008    ,   608.7556    ,   148.9048    ,   757.6601    ,   649.9333    ,   203.3858    ,   853.3187    ,   13.91472    ,   0.000000    ,   928.8018    ,   37.81732    ,
           2012,            366,   6415.535    ,   2360.602    ,   3968.387    ,   530.9659    ,   2437.725    ,   999.3344    ,   192.9525    ,   38.23004    ,   2.665496    ,   3.580817    ,  0.3424265E-02,  0.7926107E-01,   3.498130    ,   1.243030    ,  0.1799625E-02,   97.70661    ,  0.1545873E-03,  0.6490873E-05,   4.453798    ,   29.70226    ,   34.15613    ,   17.02712    ,   48.99475    ,   66.02185    ,   597.2439    ,   154.1207    ,   751.3636    ,   618.7248    ,   232.8177    ,   851.5416    ,   10.64157    ,   0.000000    ,   961.1346    ,   32.33289    ,
           2013,             31,   6447.277    ,   2363.591    ,   3970.663    ,   530.9739    ,   2437.725    ,   1001.604    ,   193.6704    ,   31.74445    ,   2.988072    ,   2.287367    ,  0.1270916E-01,  0.5702815E-02,   2.268961    ,  0.7768909    ,  0.3436065E-02,   123.9469    ,  0.8989903E-06,  0.3215098E-04,   3.975045    ,   30.31640    ,   34.29102    ,   11.77064    ,   55.94272    ,   67.71333    ,   574.9778    ,   173.7545    ,   748.7335    ,   590.7235    ,   260.0136    ,   850.7379    ,   8.600762    ,   0.000000    ,   984.0620    ,   22.92737    ,
           2013,             59,   6471.809    ,   2368.601    ,   3972.129    ,   530.9802    ,   2437.725    ,   1003.061    ,   194.3874    ,   24.54504    ,   5.010903    ,   1.466347    ,  0.7886463E-02,   0.000000    ,   1.458460    ,  0.2738500    ,  0.7830535E-02,   141.1444    ,  0.7257684E-03,  0.7673532E-04,   3.957086    ,   30.33792    ,   34.29551    ,   10.40727    ,   57.94615    ,   68.35358    ,   554.1592    ,   193.3642    ,   747.5226    ,   568.5236    ,   281.6483    ,   850.1718    ,   7.268114    ,   0.000000    ,   998.8663    ,   14.80426    ,
           2013,             90,   6519.106    ,   2377.946    ,   3973.421    ,   530.9868    ,   2437.751    ,   1004.284    ,   195.4028    ,   47.28704    ,   9.340934    ,   1.256641    ,  0.7672559E-02,  0.2627974E-01,   1.222687    ,  0.3341773    ,  0.9895701E-02,   172.2717    ,  0.2642404E-01,  0.7403165E-01,   3.956471    ,   30.34668    ,   34.30334    ,   9.521665    ,   58.98968    ,   68.51118    ,   538.1345    ,   208.9945    ,   747.1297    ,   551.6127    ,   298.3308    ,   849.9442    ,   6.327440    ,   0.000000    ,   1028.912    ,   30.04608    ,
           2013,            120,   6573.406    ,   2390.443    ,   3975.135    ,   531.2656    ,   2438.250    ,   1005.246    ,   196.6017    ,   54.33006    ,   12.49761    ,   1.729557    ,  0.2790100    ,  0.4748956    ,  0.9756516    ,  0.2215382    ,  0.1403509E-01,   194.0249    ,  0.8851756E-01,  0.6351547    ,   4.101710    ,   32.60608    ,   36.70805    ,   9.424900    ,   59.91150    ,   69.33643    ,   536.8896    ,   217.5626    ,   754.4509    ,   550.4162    ,   310.0801    ,   860.4954    ,   5.743682    ,   0.000000    ,   1060.589    ,   31.67627    ,
           2013,            151,   6656.926    ,   2404.860    ,   4071.844    ,   543.1737    ,   2517.975    ,   1010.342    ,   197.6862    ,   83.53777    ,   14.41559    ,   96.72251    ,   11.90893    ,   79.71376    ,   5.099857    ,  0.1043568    ,  0.3376148E-01,   123.3283    ,  0.2110798    ,   15.26906    ,   14.65160    ,   22.19345    ,   36.84507    ,   19.54133    ,   55.56271    ,   75.10415    ,   576.5009    ,   220.7865    ,   797.2847    ,   610.6938    ,   298.5427    ,   909.2339    ,   9.996640    ,   0.000000    ,   1042.910    ,  -17.67822    ,
           2013,            181,   6775.620    ,   2449.280    ,   4241.753    ,   553.1816    ,   2632.426    ,   1055.792    ,   198.4370    ,   118.6715    ,   44.42345    ,   169.9094    ,   10.00841    ,   114.4507    ,   45.45028    ,  0.2440965E-01,  0.4740824E-01,   33.78907    ,  0.9909245E-01,   6.490897    ,   22.97420    ,   7.929739    ,   30.90395    ,   38.18516    ,   29.11059    ,   67.29569    ,   617.6669    ,   218.7658    ,   836.4334    ,   678.8263    ,   255.8061    ,   934.6331    ,   34.79236    ,   0.000000    ,   1003.385    ,  -39.52527    ,
           2013,            212,   6816.625    ,   2506.843    ,   4300.423    ,   568.6168    ,   2638.537    ,   1092.911    ,   198.6132    ,   41.01252    ,   57.57024    ,   58.67220    ,   15.43703    ,   6.113892    ,   37.12137    ,  0.4585346E-02,  0.3617198E-01,  0.1477810    ,  0.1397220E-02,  0.4499048    ,   19.94589    ,  0.1281114E-01,   19.95870    ,   47.33914    ,  0.3737409    ,   47.71292    ,   630.5184    ,   191.0366    ,   821.5543    ,   697.8035    ,   191.4232    ,   889.2259    ,   33.76916    ,   0.000000    ,   923.1852    ,  -80.19989    ,
           2013,            243,   6858.948    ,   2549.529    ,   4340.388    ,   580.8832    ,   2642.111    ,   1117.031    ,   198.5191    ,   42.33745    ,   42.69613    ,   39.96756    ,   12.26759    ,   3.582117    ,   24.11781    ,  0.3635716E-02,  0.5287706E-01,  0.3421332E-02,  0.7314736E-04,  0.1871203E-01,   20.06562    ,  0.4480642E-02,   20.07012    ,   47.09435    ,   0.000000    ,   47.09435    ,   639.9371    ,   151.9263    ,   791.8633    ,   707.0971    ,   151.9308    ,   859.0278    ,   27.45723    ,   0.000000    ,   886.5455    ,  -36.63977    ,
           2013,            273,   6925.010    ,   2577.006    ,   4375.891    ,   587.8049    ,   2652.135    ,   1135.580    ,   198.3145    ,   66.07134    ,   27.47733    ,   35.49172    ,   6.922094    ,   10.02037    ,   18.54926    ,  0.9269197E-01,  0.4299987E-01,   1.601228    ,  0.8596725E-02,  0.1983955E-01,   21.71376    ,   1.329782    ,   23.04357    ,   49.09214    ,  0.2544281E-02,   49.09468    ,   648.2384    ,   124.7848    ,   773.0237    ,   719.0443    ,   126.1171    ,   845.1619    ,   24.35333    ,   0.000000    ,   871.2603    ,  -15.28522    ,
           2013,            304,   6958.026    ,   2582.924    ,   4397.478    ,   587.8054    ,   2661.063    ,   1148.245    ,   198.1785    ,   33.02383    ,   5.916231    ,   21.59858    ,  0.1534417E-02,   8.932387    ,   12.66464    ,  0.2198939    ,  0.1271255E-01,   18.58307    ,  0.1804493E-01,  0.1033506E-01,   12.59843    ,   20.10991    ,   32.70835    ,   43.27936    ,   9.296808    ,   52.57624    ,   639.5729    ,   117.5061    ,   757.0786    ,   695.4507    ,   146.9128    ,   842.3632    ,   19.90455    ,   0.000000    ,   881.1027    ,   9.842407    ,
           2013,            334,   7000.968    ,   2587.323    ,   4406.213    ,   587.8054    ,   2663.073    ,   1154.937    ,   198.1955    ,   42.93440    ,   4.400707    ,   8.703278    ,  0.1384619E-02,   2.008768    ,   6.693118    ,  0.7254127    ,  0.8662415E-02,   47.66644    ,  0.1628469E-02,  0.4277284E-03,   6.773856    ,   29.36335    ,   36.13718    ,   26.22967    ,   39.57306    ,   65.80276    ,   617.5168    ,   117.8079    ,   735.3248    ,   650.5204    ,   186.7443    ,   837.2647    ,   14.81553    ,   0.000000    ,   900.4821    ,   19.37946    ,
           2013,            365,   7040.073    ,   2590.658    ,   4410.303    ,   587.8889    ,   2663.129    ,   1158.890    ,   198.1099    ,   39.12569    ,   3.331923    ,   4.110942    ,  0.8252180E-01,  0.7580916E-01,   3.952608    ,   1.228925    ,  0.2098983E-02,   41.56193    ,  0.5600159E-04,  0.2832930E-03,   4.061221    ,   33.03041    ,   37.09142    ,   11.86749    ,   56.69027    ,   68.55832    ,   596.4917    ,   132.9288    ,   729.4227    ,   612.4204    ,   222.6495    ,   835.0725    ,   11.28194    ,   0.000000    ,   889.1451    ,  -11.33704    ,
